Model,Covariance Type,#Rolling Windows,Mean Return,Forecasted Std
HRP,GARCH,0,0.0013215020086539523,0.009244705812488171
HRP,Historical,0,0.0012829195362852994,0.008623045526770194
MVP,GARCH,0,0.0007084781035434881,0.0067045478066263845
MVP,Historical,0,0.0009405207966923742,0.006813631001405292
ERC,GARCH,0,0.001327206677828777,0.010497657904771895
ERC,Historical,0,0.0012697818635834081,0.009434757668961121
Naive,N/A,0,0.00122549543227746,0.01020791933119715
HRP,GARCH,1,-0.004290247975871571,0.008243613436214945
HRP,Historical,1,-0.0043611274819478065,0.008529734081416246
MVP,GARCH,1,-0.0027684965575449937,0.0065434935332045205
MVP,Historical,1,-0.002783100825410959,0.006782299142470882
ERC,GARCH,1,-0.004935352783065403,0.00914019086358801
ERC,Historical,1,-0.004954671393364156,0.009322430120437472
Naive,N/A,1,-0.005534938695831253,0.010083646453533462
HRP,GARCH,2,0.0005842774965809204,0.009847113243187572
HRP,Historical,2,0.0007006568077947524,0.008670419941997779
MVP,GARCH,2,0.0021520390749001925,0.007244395703963617
MVP,Historical,2,0.002137295920181189,0.006894865633010715
ERC,GARCH,2,0.00031277015203587854,0.011219367166418933
ERC,Historical,2,0.0003994333787247747,0.009480476181992048
Naive,N/A,2,0.00031985140468726483,0.010251096411592955
HRP,GARCH,3,0.0011606503003149266,0.011213652219036628
HRP,Historical,3,0.0012500347213214077,0.008804076717017275
MVP,GARCH,3,0.000566344162048712,0.008608516512586257
MVP,Historical,3,0.0006446109897062498,0.007019642951885138
ERC,GARCH,3,0.001388785719046526,0.013056664832055207
ERC,Historical,3,0.001429056356036132,0.00969215688204067
Naive,N/A,3,0.0015580707777041035,0.010601919275447978
HRP,GARCH,4,-0.0035299587814492965,0.01022052363652442
HRP,Historical,4,-0.003807802338027847,0.00897350789674914
MVP,GARCH,4,-0.0008687152646072663,0.0075158740538954685
MVP,Historical,4,-0.0017385395003719818,0.007181564967741535
ERC,GARCH,4,-0.004177952545451363,0.01212133421480534
ERC,Historical,4,-0.004235896315467388,0.009926578936528154
Naive,N/A,4,-0.004370814507309167,0.010850281796368107
HRP,GARCH,5,-0.008313543564975767,0.019084836974332792
HRP,Historical,5,-0.008309989573899487,0.010213082769737696
MVP,GARCH,5,-0.008785375273576864,0.015006612211484688
MVP,Historical,5,-0.007868498562319252,0.00799580478701395
ERC,GARCH,5,-0.008896798913374476,0.021696625956123452
ERC,Historical,5,-0.008968656402406532,0.011321788334288811
Naive,N/A,5,-0.009737388158195314,0.012418660295871445
HRP,GARCH,6,-0.002405796638773867,0.040890795498351326
HRP,Historical,6,-0.002267332218759265,0.014525448566431377
MVP,GARCH,6,-0.0013718474400221908,0.032163868660301846
MVP,Historical,6,-0.0014711280766776733,0.011518646405035486
ERC,GARCH,6,-0.0023801696668589714,0.04286270640184959
ERC,Historical,6,-0.0022905335351660326,0.015425198040679537
Naive,N/A,6,-0.0023020838752769606,0.016312348168030507
HRP,GARCH,7,-0.00043040000502858643,0.032584995957632104
HRP,Historical,7,-0.00028617867085727305,0.016315469972023315
MVP,GARCH,7,-0.000574504194923204,0.021123319567209295
MVP,Historical,7,-0.0003838306514986693,0.012590012030675236
ERC,GARCH,7,-0.00031562045740056053,0.03731719296350602
ERC,Historical,7,-0.0002399725370874614,0.0174272074716871
Naive,N/A,7,-0.00021836087095291243,0.018553376243519912
HRP,GARCH,8,0.00028030522842211885,0.015293928688389637
HRP,Historical,8,1.2540518309930232e-05,0.017089323814337826
MVP,GARCH,8,-0.00020243939039833918,0.009139006537984176
MVP,Historical,8,-0.000196615612183265,0.012953248103257861
ERC,GARCH,8,-2.900168929880452e-05,0.020517716285287688
ERC,Historical,8,-0.00020582735709958008,0.01835248069043199
Naive,N/A,8,-0.0005270255497041179,0.019656142541071387
HRP,GARCH,9,-0.004110481648554318,0.01602902507775254
HRP,Historical,9,-0.004310656207629869,0.017451579945712267
MVP,GARCH,9,-0.003648026322041272,0.010102749172435387
MVP,Historical,9,-0.0036274144214245565,0.01311642176113258
ERC,GARCH,9,-0.0044402762670233895,0.02002419249456011
ERC,Historical,9,-0.004555664462357208,0.01877602482970357
Naive,N/A,9,-0.004752322903919003,0.02020229546651339
HRP,GARCH,10,0.0029792338931707483,0.019675364856351938
HRP,Historical,10,0.0035942506038985503,0.01775401547220622
MVP,GARCH,10,0.000396732219811237,0.014134235393969422
MVP,Historical,10,0.002306365038677133,0.013391621586636714
ERC,GARCH,10,0.00413368893251493,0.02244158393216977
ERC,Historical,10,0.004404632996481758,0.019163162432860984
Naive,N/A,10,0.005154073119596892,0.020690059489775654
HRP,GARCH,11,0.0008954330835722484,0.022419309312028027
HRP,Historical,11,0.001917791620128264,0.018595460803784207
MVP,GARCH,11,-0.0013312313860963437,0.014083972360615685
MVP,Historical,11,-0.0013312313860963443,0.013780186396774363
ERC,GARCH,11,0.0020702690578625164,0.026623072470797395
ERC,Historical,11,0.0025777865183789503,0.020033644937110753
Naive,N/A,11,0.003261041363274735,0.021677822305647517
HRP,GARCH,12,0.0017047151988519558,0.015203758687124402
HRP,Historical,12,0.0011877405395166272,0.018641212376799648
MVP,GARCH,12,0.003669660433052792,0.010646770722572934
MVP,Historical,12,0.0038385886935350727,0.01391020845704501
ERC,GARCH,12,0.0011318442951702816,0.019419850073997845
ERC,Historical,12,0.0008279264604393953,0.02034790979085384
Naive,N/A,12,0.000634386823550951,0.022155570845602053
HRP,GARCH,13,0.0008836173394785362,0.014272480313842725
HRP,Historical,13,0.0007910594112882963,0.018973890333509196
MVP,GARCH,13,0.00026834947911547405,0.00980860767617706
MVP,Historical,13,0.00012718244905805982,0.013978387308742663
ERC,GARCH,13,0.0008363620914732399,0.01682424522764142
ERC,Historical,13,0.0007845136234131153,0.02049744179828692
Naive,N/A,13,0.0007544512943114729,0.02241235806677158
HRP,GARCH,14,0.003293047038079034,0.0157866830927215
HRP,Historical,14,0.00330007688985917,0.019225474594096757
MVP,GARCH,14,0.002589240865094957,0.012023818675237469
MVP,Historical,14,0.00260182491197558,0.014111876819382401
ERC,GARCH,14,0.0034169037764006007,0.016881799674138203
ERC,Historical,14,0.003424075162935164,0.020661686374976288
Naive,N/A,14,0.00351640011734126,0.022607543135604025
HRP,GARCH,15,0.0026295905878733527,0.013717896637700308
HRP,Historical,15,0.002566944617964833,0.018880406316145227
MVP,GARCH,15,0.0013714350477402114,0.010317113673780324
MVP,Historical,15,0.001032406007114433,0.014065322624612504
ERC,GARCH,15,0.0029890031225774556,0.014994923139693445
ERC,Historical,15,0.0029344562719876006,0.02063249543473541
Naive,N/A,15,0.003358509265469377,0.022600156351969356
HRP,GARCH,16,0.0025535528138414345,0.012686194895516126
HRP,Historical,16,0.0027052137958844544,0.01903515151117648
MVP,GARCH,16,0.0020264723978950633,0.009070386231413218
MVP,Historical,16,0.0019359491150302522,0.014041790706722242
ERC,GARCH,16,0.002895133443507255,0.014223291252679144
ERC,Historical,16,0.002977656719781978,0.02061669458600832
Naive,N/A,16,0.003299299007115898,0.022614568708932286
HRP,GARCH,17,0.0012777205220796321,0.011806597262825926
HRP,Historical,17,0.001274533912750998,0.01902645248741203
MVP,GARCH,17,0.0018200882073904842,0.008953231370363473
MVP,Historical,17,0.0017918294762007212,0.01405523978263914
ERC,GARCH,17,0.0012433753869243937,0.01278614408035698
ERC,Historical,17,0.0012331997526688929,0.020613237304442422
Naive,N/A,17,0.0011823728145476126,0.022626536573851563
HRP,GARCH,18,0.0004357574422548511,0.011676068185636176
HRP,Historical,18,0.00044567611261348635,0.0189671929486141
MVP,GARCH,18,0.00046034656383836775,0.00808487447696987
MVP,Historical,18,0.0004377503043424668,0.01398377767406615
ERC,GARCH,18,0.0004463616059538337,0.012763600248771963
ERC,Historical,18,0.00045549571864532434,0.020559344492657568
Naive,N/A,18,0.00044841656545493893,0.022585627647309443
HRP,GARCH,19,0.0007252041247240267,0.012847116443283927
HRP,Historical,19,0.0007716008055673304,0.018978049812855582
MVP,GARCH,19,0.00011751120058011557,0.009326964614152722
MVP,Historical,19,0.000115070809453592,0.01397867384441938
ERC,GARCH,19,0.0006558822301640349,0.014065728754005979
ERC,Historical,19,0.0006874297512732217,0.020579007934677575
Naive,N/A,19,0.0005443372039563639,0.022610142273242782
HRP,GARCH,20,0.0008571585747035848,0.010485985409498112
HRP,Historical,20,0.0008709453983188732,0.01894227984902675
MVP,GARCH,20,0.0005472038539357251,0.00809630921400148
MVP,Historical,20,0.0006526487027050088,0.013934465288875736
ERC,GARCH,20,0.0009482380449591396,0.011156431791578774
ERC,Historical,20,0.0009537233815348742,0.020537316695135508
Naive,N/A,20,0.0010586053847845738,0.022557381095887914
HRP,GARCH,21,-0.001340591381139829,0.009388559666720194
HRP,Historical,21,-0.001447523144708322,0.018903586902953337
MVP,GARCH,21,-0.00040206562814496964,0.006869135845126464
MVP,Historical,21,-0.000734613401609164,0.013753551914138877
ERC,GARCH,21,-0.001418859604666124,0.010037582811983184
ERC,Historical,21,-0.00146870248550054,0.02037044864693163
Naive,N/A,21,-0.0015239281088120567,0.022383327935898544
HRP,GARCH,22,0.003182471921118258,0.012166301572145002
HRP,Historical,22,0.002964378582878877,0.01895824914232356
MVP,GARCH,22,0.0031511582959834836,0.009498673864010347
MVP,Historical,22,0.0019124913440739088,0.013837899212301006
ERC,GARCH,22,0.003278699087007988,0.012849952713227399
ERC,Historical,22,0.003187997095835508,0.020413255650980927
Naive,N/A,22,0.0034539747980280662,0.022418467002943993
HRP,GARCH,23,0.001236667787270054,0.008863798331270163
HRP,Historical,23,0.0009840601299214821,0.018714170988075023
MVP,GARCH,23,0.0009990611461059506,0.007184863468764898
MVP,Historical,23,0.00015106526761268375,0.013764671462866748
ERC,GARCH,23,0.001278806361400867,0.009267273431763392
ERC,Historical,23,0.0011625349214546793,0.020207861149182958
Naive,N/A,23,0.0013452362705832026,0.022163781332880352
HRP,GARCH,24,-0.0015359111521214988,0.008552276636875336
HRP,Historical,24,-0.0015695387764715094,0.018440681809881065
MVP,GARCH,24,-0.0012831292041951675,0.006731752467664352
MVP,Historical,24,-0.0010583167857101598,0.01373416126023843
ERC,GARCH,24,-0.0016558437664798255,0.00926734751435901
ERC,Historical,24,-0.0016951276085612112,0.020142396695894446
Naive,N/A,24,-0.0017758089967764253,0.022098257358874898
HRP,GARCH,25,-0.000529995946219257,0.016122969586918563
HRP,Historical,25,-0.0005536797423200739,0.018659479781358634
MVP,GARCH,25,-0.0007199761607693274,0.012010436672681882
MVP,Historical,25,-0.0007952995032564157,0.013853865043846976
ERC,GARCH,25,-0.0005314654554501022,0.01757461901482333
ERC,Historical,25,-0.0005421592205530225,0.02037685254633881
Naive,N/A,25,-0.0005421050446880116,0.022332194896350993
HRP,GARCH,26,-0.000879855913182378,0.01601378125939624
HRP,Historical,26,-0.0008675567156398603,0.01887678588556853
MVP,GARCH,26,0.0005863677706113206,0.012057581256597479
MVP,Historical,26,0.0006314767190956758,0.01400503385611125
ERC,GARCH,26,-0.0010715496064082795,0.017249940600375335
ERC,Historical,26,-0.0010691727051382065,0.02058105039360745
Naive,N/A,26,-0.00124953644421135,0.02253209660759058
HRP,GARCH,27,-0.0003224057195549762,0.01222734480192482
HRP,Historical,27,-0.0003198927284715826,0.01894198558114042
MVP,GARCH,27,0.00078775368140315,0.00923041493622741
MVP,Historical,27,0.0009948661451414137,0.013994733056020177
ERC,GARCH,27,-0.0003874839920823779,0.013324700832117441
ERC,Historical,27,-0.000378408678232932,0.020592147040451064
Naive,N/A,27,-0.00045732008062566467,0.022494402740995907
HRP,GARCH,28,0.001996376024327442,0.012474429301270074
HRP,Historical,28,0.001944882075304934,0.018957290713061622
MVP,GARCH,28,0.0017583477941897022,0.009055107608134683
MVP,Historical,28,0.0017411608957048168,0.01400242134204092
ERC,GARCH,28,0.0021507962357911214,0.013285875870207155
ERC,Historical,28,0.00212730534119589,0.020619079758649274
Naive,N/A,28,0.0023085221229790526,0.022527409434583943
HRP,GARCH,29,0.0018804791052209296,0.010864483725690838
HRP,Historical,29,0.002004326498830124,0.01855169306185684
MVP,GARCH,29,0.0008321245335376164,0.007680697459866092
MVP,Historical,29,0.0008940461159777179,0.013563091701803866
ERC,GARCH,29,0.00205395654065993,0.011660637231872339
ERC,Historical,29,0.002117487116361725,0.020004335624123192
Naive,N/A,29,0.002192204791023956,0.02181354816750946
HRP,GARCH,30,0.0015133356166644521,0.009325689917366702
HRP,Historical,30,0.0014268621464601239,0.015253233506119249
MVP,GARCH,30,0.0007014547712264574,0.0073682337000208365
MVP,Historical,30,0.0008209075126114417,0.010893446175755708
ERC,GARCH,30,0.0016774447114805784,0.009862516021986992
ERC,Historical,30,0.0016432453598455709,0.016994989547552034
Naive,N/A,30,0.0018777724557596557,0.01911118909262048
HRP,GARCH,31,0.0006453508953671187,0.008463341895294118
HRP,Historical,31,0.0005491172090224486,0.013184594955360684
MVP,GARCH,31,0.0003762607771764338,0.006637036552160179
MVP,Historical,31,0.0004094454329088802,0.009675048121378064
ERC,GARCH,31,0.0007927108462170669,0.009142994284516126
ERC,Historical,31,0.0007550992816629685,0.014933484937921937
Naive,N/A,31,0.0009242907501167229,0.016967885128299866
HRP,GARCH,32,0.0010845728979821268,0.008459656699021668
HRP,Historical,32,0.0010777275379800987,0.012313089908863971
MVP,GARCH,32,0.0005780603460214392,0.006636819733335457
MVP,Historical,32,0.00021235952261337466,0.009180839001417336
ERC,GARCH,32,0.0011692763155159713,0.009072976572786938
ERC,Historical,32,0.0011743983601772052,0.013903687697130018
Naive,N/A,32,0.001278039115418557,0.015758045703586104
HRP,GARCH,33,0.001308496214593999,0.006803548713705753
HRP,Historical,33,0.001197211556581116,0.01199087895309644
MVP,GARCH,33,0.000549170449618533,0.00509007807676046
MVP,Historical,33,-1.7187009857292642e-05,0.00894541666380749
ERC,GARCH,33,0.0014411882118196314,0.007307912861925321
ERC,Historical,33,0.0013883098429604975,0.013350184979656898
Naive,N/A,33,0.0016222324655327247,0.01503016688171505
HRP,GARCH,34,0.0007031412453184069,0.007913983144337795
HRP,Historical,34,0.000753666162984558,0.011272134289815577
MVP,GARCH,34,0.001377333663077322,0.006013599071838223
MVP,Historical,34,0.0016111458325586497,0.008376314905530952
ERC,GARCH,34,0.0005311270546112084,0.008560297280456604
ERC,Historical,34,0.0005331472282587792,0.012640720731228289
Naive,N/A,34,0.000369853421103341,0.01420564804725452
HRP,GARCH,35,0.0009189023996552063,0.008534681436689392
HRP,Historical,35,0.0009153946827537127,0.010130101776527537
MVP,GARCH,35,0.000879569614808177,0.006300245412154645
MVP,Historical,35,0.0012525495776600313,0.007599121363761404
ERC,GARCH,35,0.0009270898126161858,0.009435188753443147
ERC,Historical,35,0.0009192689278112366,0.011338933875465545
Naive,N/A,35,0.0009599913387674998,0.012769781801374813
HRP,GARCH,36,0.0007325173328956925,0.007957954334464116
HRP,Historical,36,0.0007848449559766736,0.009906570765117893
MVP,GARCH,36,0.0013421312283531399,0.0062178590702909355
MVP,Historical,36,0.0015123324483792347,0.007483773464822746
ERC,GARCH,36,0.0004968097563193343,0.008471097313349213
ERC,Historical,36,0.000505336227676394,0.010898024405696854
Naive,N/A,36,0.00020263411192845542,0.011992349289462636
HRP,GARCH,37,-0.000886342490565529,0.007713547993353568
HRP,Historical,37,-0.0007708655490387393,0.00972880099524344
MVP,GARCH,37,-0.0003351553469830625,0.006198591091012873
MVP,Historical,37,9.416368965012944e-05,0.0073967458503759334
ERC,GARCH,37,-0.0010037784824114392,0.00818122988044385
ERC,Historical,37,-0.0009590922953718612,0.01057623696591848
Naive,N/A,37,-0.0010935010129325452,0.011456772192988896
HRP,GARCH,38,0.0014503321678988744,0.008784804966156367
HRP,Historical,38,0.0014365932536803331,0.009476134117018812
MVP,GARCH,38,0.0011095470862127973,0.006727957362887263
MVP,Historical,38,0.0007690702702036462,0.007159348943062663
ERC,GARCH,38,0.0015662842451011477,0.009505584747369868
ERC,Historical,38,0.0015704928699914308,0.01027752473541719
Naive,N/A,38,0.0016626791072152703,0.011101446171997213
HRP,GARCH,39,-0.0031358943665526114,0.008546219567786045
HRP,Historical,39,-0.0031872519579646394,0.009267357827673465
MVP,GARCH,39,-0.0017385616401009896,0.00640045023548989
MVP,Historical,39,-0.0020004524739448766,0.00701899961756323
ERC,GARCH,39,-0.0033693675828693546,0.009337242611630627
ERC,Historical,39,-0.00339100772828985,0.01010038479855822
Naive,N/A,39,-0.0035123272979143403,0.010914390279434963
HRP,GARCH,40,0.00010939271326687114,0.01036682573264439
HRP,Historical,40,0.00014050414629341435,0.009348729430452401
MVP,GARCH,40,0.001244070850605293,0.007503119902034674
MVP,Historical,40,0.001193963695806809,0.007054014071094554
ERC,GARCH,40,-0.0001654620373643489,0.011302807205257417
ERC,Historical,40,-0.00013713578776422054,0.010118283881999866
Naive,N/A,40,-0.00039991144012254174,0.010869979082328049
HRP,GARCH,41,-0.0024317654485315095,0.016192564560989414
HRP,Historical,41,-0.002115680587159931,0.010901983996768106
MVP,GARCH,41,-0.0015464382787596356,0.011632438346030985
MVP,Historical,41,-0.001309080532391954,0.008156924269076524
ERC,GARCH,41,-0.00268766907624361,0.01728210515310012
ERC,Historical,41,-0.0024971105112417008,0.01168158591525115
Naive,N/A,41,-0.0028982668673913823,0.012388696388259185
HRP,GARCH,42,0.004268419847815008,0.014306550306889546
HRP,Historical,42,0.0043323421980453235,0.011239819754648356
MVP,GARCH,42,0.002393434788381347,0.010869578257837714
MVP,Historical,42,0.0020258543686949523,0.00843347900255816
ERC,GARCH,42,0.004844157189219206,0.015517351956207097
ERC,Historical,42,0.004889048140875124,0.01201389732880408
Naive,N/A,42,0.005391161520723474,0.012715088930984057
HRP,GARCH,43,-0.0024944909475229887,0.014036607642782261
HRP,Historical,43,-0.0026850830890788927,0.011468880486889156
MVP,GARCH,43,-0.0011141819137290563,0.009675151739275351
MVP,Historical,43,-0.0012759914294334183,0.008534360960018288
ERC,GARCH,43,-0.002876420982915208,0.01580642524267287
ERC,Historical,43,-0.0029674335544508474,0.01230063177995455
Naive,N/A,43,-0.003243817418187848,0.013056055337753378
HRP,GARCH,44,0.0029877469333470684,0.013872130456853425
HRP,Historical,44,0.0029588419738966858,0.011807744661471508
MVP,GARCH,44,0.0029505583997967728,0.009716289244431657
MVP,Historical,44,0.003004695574756938,0.008722301530525856
ERC,GARCH,44,0.002888376494962295,0.015126645435521207
ERC,Historical,44,0.0028634855739640124,0.012665646359542343
Naive,N/A,44,0.0027981548410058953,0.013449656851481244
HRP,GARCH,45,0.001697036404313279,0.011276358856252316
HRP,Historical,45,0.001680730371163373,0.01202212638795039
MVP,GARCH,45,-0.000129327014320376,0.008073021351684365
MVP,Historical,45,-0.00043072203996961873,0.00884642565861694
ERC,GARCH,45,0.0021565579369326156,0.01217197526550121
ERC,Historical,45,0.0021581303571925232,0.012901227375998317
Naive,N/A,45,0.002550594373532559,0.013710418631035195
HRP,GARCH,46,0.0009272155704966934,0.009013849408815701
HRP,Historical,46,0.0008670717715727099,0.011801401301345032
MVP,GARCH,46,0.000319387278611872,0.006965809381372474
MVP,Historical,46,0.0007052163166027896,0.008673469057947724
ERC,GARCH,46,0.0010211706304775817,0.009514742447940261
ERC,Historical,46,0.000985071311913719,0.012685363092473327
Naive,N/A,46,0.0010741885986434068,0.013503156224587209
HRP,GARCH,47,0.0008829324343719788,0.007806260917519879
HRP,Historical,47,0.0009057707460510043,0.011773827655317525
MVP,GARCH,47,0.0010091224771131904,0.005526309786122825
MVP,Historical,47,0.00105258655146856,0.008634069384270896
ERC,GARCH,47,0.000881229562816048,0.00856300250705758
ERC,Historical,47,0.000879189311559754,0.012668178715091636
Naive,N/A,47,0.0008166159696968906,0.013493823107694375
HRP,GARCH,48,-0.00033926262487956737,0.007439975321681479
HRP,Historical,48,-0.00046816753746932433,0.011773098741896873
MVP,GARCH,48,0.00029388210682664955,0.005023534595575923
MVP,Historical,48,0.000282270069788408,0.00862170002031899
ERC,GARCH,48,-0.0006028412070520654,0.008406839252050755
ERC,Historical,48,-0.0006761358115686725,0.012673327578068796
Naive,N/A,48,-0.0008697203029849226,0.013503700217420866
HRP,GARCH,49,-0.0010780517108678312,0.009153135277502765
HRP,Historical,49,-0.0011428331140697471,0.011429420775096545
MVP,GARCH,49,0.00030256262048747605,0.0068212602968750775
MVP,Historical,49,0.000208987128355246,0.008412190400429386
ERC,GARCH,49,-0.0014654058454056384,0.009886545400773335
ERC,Historical,49,-0.0014940938803753591,0.012312967054067744
Naive,N/A,49,-0.0018277177679850546,0.013126590754644335
HRP,GARCH,50,0.0013839669044273081,0.008881007114371653
HRP,Historical,50,0.0013780493709509534,0.010943065743344077
MVP,GARCH,50,0.0012538976990116935,0.006082649116974176
MVP,Historical,50,0.0011315340496566516,0.00799611666816993
ERC,GARCH,50,0.0013937061313112453,0.010178248761526837
ERC,Historical,50,0.0013838113108635731,0.011801999926058616
Naive,N/A,50,0.0013794642611371334,0.012613093391453438
HRP,GARCH,51,0.0010991861726727275,0.009052016483928841
HRP,Historical,51,0.001069653858286027,0.010845712498244467
MVP,GARCH,51,0.0009332048072559334,0.006436990788784923
MVP,Historical,51,0.000824530464403462,0.00790954051751981
ERC,GARCH,51,0.0009779892270128255,0.009961237159437336
ERC,Historical,51,0.0009660451171456823,0.011705146359289218
Naive,N/A,51,0.00087249569679004,0.012510022999020378
HRP,GARCH,52,0.0007002423803396556,0.008383276955907501
HRP,Historical,52,0.0008029018250489959,0.010687821807993799
MVP,GARCH,52,8.297458276452649e-05,0.005926809885358777
MVP,Historical,52,0.0005015335313837297,0.007806539845268366
ERC,GARCH,52,0.000888762469569738,0.009231164923310251
ERC,Historical,52,0.0009449296561625144,0.011535202028416581
Naive,N/A,52,0.0011032649903104134,0.012340238555303626
HRP,GARCH,53,0.0009788115441317076,0.008065579919178755
HRP,Historical,53,0.0009469549636317544,0.010596703105139499
MVP,GARCH,53,-0.0009967197282516886,0.006048493039993949
MVP,Historical,53,-0.0010024351200487505,0.007805544782486345
ERC,GARCH,53,0.0012842138620108915,0.008618415839023523
ERC,Historical,53,0.0012852663073924173,0.011426268218209995
Naive,N/A,53,0.0015940486203567092,0.012209821924847831
HRP,GARCH,54,5.7068661858953125e-05,0.008791231771187744
HRP,Historical,54,0.00019024527711698712,0.01056572437274339
MVP,GARCH,54,0.0013261214187018384,0.007276272426946401
MVP,Historical,54,0.0006280801254074898,0.007845014584084141
ERC,GARCH,54,-4.731587691784925e-05,0.009220909878251402
ERC,Historical,54,1.1701209557384299e-05,0.011376764995851338
Naive,N/A,54,-0.00015900370643927926,0.012160515228874787
HRP,GARCH,55,-0.002951974805725476,0.008066252295109882
HRP,Historical,55,-0.003023813122376994,0.01052123721966539
MVP,GARCH,55,-0.003114654743439974,0.005949967834322073
MVP,Historical,55,-0.002950000290776385,0.00782937848589786
ERC,GARCH,55,-0.0029639686727513785,0.008667438133350717
ERC,Historical,55,-0.003012208903085312,0.011341230499831146
Naive,N/A,55,-0.003012197333257151,0.012114875795227884
HRP,GARCH,56,0.002083867676433004,0.009790696961009938
HRP,Historical,56,0.0020648339309823874,0.010532851557515419
MVP,GARCH,56,0.002552086109564433,0.007414539111871121
MVP,Historical,56,0.0022505609600656402,0.00784116654973941
ERC,GARCH,56,0.002081132247573732,0.010364192526492119
ERC,Historical,56,0.002072628187086126,0.011335470458268982
Naive,N/A,56,0.002076268134527615,0.012104155138219594
HRP,GARCH,57,0.0018587260507102155,0.00791478099733671
HRP,Historical,57,0.001764894748073104,0.010571394761854935
MVP,GARCH,57,0.0005072361801877314,0.006050463524402726
MVP,Historical,57,0.0005266368012302972,0.007879896748911505
ERC,GARCH,57,0.0020321097109941744,0.008392246768296646
ERC,Historical,57,0.0019889990946987688,0.011372028685524916
Naive,N/A,57,0.002186850693917477,0.012136380823412509
HRP,GARCH,58,0.0016066251337298273,0.008399994140839386
HRP,Historical,58,0.0015487750242851634,0.01065342341517437
MVP,GARCH,58,0.0015840810918744945,0.0068977821481862114
MVP,Historical,58,0.0014924794481708228,0.008016050311045513
ERC,GARCH,58,0.001627636725445045,0.008820126798432028
ERC,Historical,58,0.0015938180702638066,0.011426198179378202
Naive,N/A,58,0.0016160884836744801,0.012167964044719438
HRP,GARCH,59,0.0012154203509836283,0.007606359114331758
HRP,Historical,59,0.0012943251955280595,0.010571161539258151
MVP,GARCH,59,0.001031660568760301,0.006029742862564963
MVP,Historical,59,0.0015023223492656728,0.007995072740891557
ERC,GARCH,59,0.001113246293703151,0.008017503351953253
ERC,Historical,59,0.0011370136713903401,0.011340942587669049
Naive,N/A,59,0.00097718138114164,0.01206397571419367
HRP,GARCH,60,0.0017033839905701142,0.0076735188549897715
HRP,Historical,60,0.0016608141115319972,0.010521156516835843
MVP,GARCH,60,0.002523485380186112,0.0060932031218513165
MVP,Historical,60,0.002478290942171131,0.007930828549369379
ERC,GARCH,60,0.0014140068564423899,0.008186727646826214
ERC,Historical,60,0.001380856612681502,0.011303052784433788
Naive,N/A,60,0.0011339495619552438,0.012038321074247639
HRP,GARCH,61,0.0011140898317315174,0.008284877194219714
HRP,Historical,61,0.0010141183933668218,0.010532470576506752
MVP,GARCH,61,0.00020237355920954257,0.006791845479346541
MVP,Historical,61,0.0004141722987033763,0.007952599496049548
ERC,GARCH,61,0.0011946963513626407,0.008610783033050655
ERC,Historical,61,0.0011512428171309662,0.01130599770014495
Naive,N/A,61,0.0012483625407205205,0.012032938126543003
HRP,GARCH,62,-0.0006385313315155379,0.008707330467575183
HRP,Historical,62,-0.0005942961817049597,0.01056326229359372
MVP,GARCH,62,-0.001753982029554758,0.007020003259275359
MVP,Historical,62,-0.0011988305031365534,0.008039193989284493
ERC,GARCH,62,-0.000516085265818824,0.009138644965269163
ERC,Historical,62,-0.0004973993779989147,0.01135097311118203
Naive,N/A,62,-0.0003998955713724533,0.012074347926694633
HRP,GARCH,63,0.0003148237574604482,0.009207696613321398
HRP,Historical,63,0.0003029444589038731,0.010575232186197816
MVP,GARCH,63,0.00045657818500057716,0.007654216343582167
MVP,Historical,63,7.863795078639356e-05,0.008064415007551432
ERC,GARCH,63,0.0002739869550669923,0.009477607901777237
ERC,Historical,63,0.0002783857506377419,0.01130593137435842
Naive,N/A,63,0.00023095505311590976,0.012006517393624318
HRP,GARCH,64,0.0012266881412360579,0.008453446705652852
HRP,Historical,64,0.001258761310051953,0.010609668640383109
MVP,GARCH,64,0.0008121919130028009,0.007172239418221175
MVP,Historical,64,0.0010924013153871973,0.008195577864416468
ERC,GARCH,64,0.0011978328790054368,0.0086772215415581
ERC,Historical,64,0.0012092912716692547,0.011294916035561028
Naive,N/A,64,0.0011675749760751515,0.011967984115798806
HRP,GARCH,65,-0.0012629424889295943,0.007254197344067612
HRP,Historical,65,-0.0014067405263718867,0.008977547746952756
MVP,GARCH,65,-0.0020644705553125873,0.006241290829810811
MVP,Historical,65,-0.002633822545006941,0.007066501545991302
ERC,GARCH,65,-0.001106849837456873,0.007512658530224214
ERC,Historical,65,-0.001162292814319278,0.009595947854801919
Naive,N/A,65,-0.0009337712530406231,0.010262784283361262
HRP,GARCH,66,0.001215409278773482,0.007316298526034813
HRP,Historical,66,0.0011610198755482536,0.008520831601334395
MVP,GARCH,66,0.0008430496529335063,0.0062081487051181
MVP,Historical,66,0.0006547332417654877,0.006795032890220273
ERC,GARCH,66,0.0012630798881273085,0.007581128955451164
ERC,Historical,66,0.0012431471464662228,0.009058433857899709
Naive,N/A,66,0.0013103793487999286,0.009670229381019446
HRP,GARCH,67,0.0021288801798093194,0.007236494782574122
HRP,Historical,67,0.0021699680790799626,0.007915458412432817
MVP,GARCH,67,0.002163989943608478,0.006241022033712851
MVP,Historical,67,0.0023912528381614248,0.006535845692365849
ERC,GARCH,67,0.002162909118131231,0.007484907563884103
ERC,Historical,67,0.0021836945161728427,0.008353499485501898
Naive,N/A,67,0.002208078942317422,0.008827994404260494
HRP,GARCH,68,0.00012877102314255424,0.006921254887924849
HRP,Historical,68,9.490534430179737e-05,0.0074074584978789625
MVP,GARCH,68,-0.00015487886851312451,0.005989012505037364
MVP,Historical,68,-0.00030098337111622147,0.00627512555699893
ERC,GARCH,68,0.0001275546818311394,0.007184681458073485
ERC,Historical,68,0.00011078132092035187,0.007776149627061691
Naive,N/A,68,0.00013032983950928497,0.008186344666257719
HRP,GARCH,69,0.0012928456480991043,0.006590589448664942
HRP,Historical,69,0.0012865732759529938,0.007007989059193824
MVP,GARCH,69,0.0006711975221732179,0.005774032455653217
MVP,Historical,69,0.0006175120717626747,0.006010768987111186
ERC,GARCH,69,0.001431286387473409,0.006831069419010511
ERC,Historical,69,0.0014335016785365163,0.007330329606502223
Naive,N/A,69,0.0015895312912360762,0.007689114181932827
HRP,GARCH,70,-0.0009109091874894738,0.006492999870341327
HRP,Historical,70,-0.000876557257005029,0.007019385883412164
MVP,GARCH,70,-0.0007917395314172353,0.005645554198372735
MVP,Historical,70,-0.0004942603962552911,0.00603983230984063
ERC,GARCH,70,-0.001048237025726625,0.006723476577507266
ERC,Historical,70,-0.0010362825691094136,0.007324250280826349
Naive,N/A,70,-0.0011741787431825178,0.007647493800269754
HRP,GARCH,71,0.0017924237153408424,0.0073269019013705704
HRP,Historical,71,0.0018329295872799457,0.007136092772212614
MVP,GARCH,71,0.001589300068087024,0.006306156452479706
MVP,Historical,71,0.0016233936477761265,0.006150168798091504
ERC,GARCH,71,0.0017939593405762676,0.007569468939268856
ERC,Historical,71,0.001813907213458009,0.007430686070634692
Naive,N/A,71,0.001802935132732593,0.00773809183392046
HRP,GARCH,72,0.0002645621563940727,0.00663714852329565
HRP,Historical,72,0.00021841868412019174,0.007214346672792303
MVP,GARCH,72,0.0010359540643313497,0.005718916660362702
MVP,Historical,72,0.0009701535678473932,0.00623230105629755
ERC,GARCH,72,0.0002358605777043124,0.006856548628325596
ERC,Historical,72,0.00020917863374749897,0.007490141563925574
Naive,N/A,72,0.00018837252184578037,0.00777879757703016
HRP,GARCH,73,0.00023893472938091016,0.0066576524027181835
HRP,Historical,73,0.00015166495050903496,0.007140286340901494
MVP,GARCH,73,0.0011549758739542333,0.005657487108700742
MVP,Historical,73,0.0006919914658754131,0.006174133305734716
ERC,GARCH,73,9.186912199665481e-05,0.006888330666838345
ERC,Historical,73,4.4450769940851495e-05,0.007391221165033041
Naive,N/A,73,-4.702830250573595e-05,0.007667966182702015
HRP,GARCH,74,0.0007890550170741277,0.006611992224137774
HRP,Historical,74,0.000767460234089138,0.00711015997152135
MVP,GARCH,74,0.0007457914053344393,0.005672126359607818
MVP,Historical,74,0.00031593211557978836,0.006151584413994185
ERC,GARCH,74,0.0008151828211296849,0.006822554088347325
ERC,Historical,74,0.0008141841400747829,0.007345874633343192
Naive,N/A,74,0.0008479950256562468,0.007616600245794821
HRP,GARCH,75,0.001367751186120603,0.0064457866728146376
HRP,Historical,75,0.001356299391177757,0.006927646122695716
MVP,GARCH,75,0.001278860291356697,0.0056180972092117615
MVP,Historical,75,0.001495899249833377,0.006068427341550645
ERC,GARCH,75,0.0013602241344148455,0.0066214303405362504
ERC,Historical,75,0.0013468085733842551,0.007126608361715416
Naive,N/A,75,0.0013546540934325588,0.007379661895659616
HRP,GARCH,76,0.00026224844864046096,0.006169309245186744
HRP,Historical,76,0.00011324803251035835,0.00674071319337815
MVP,GARCH,76,0.0006042067471054629,0.005215617134940627
MVP,Historical,76,-0.00035609795358414664,0.005989242361168839
ERC,GARCH,76,0.00024855534178836716,0.006400895375166125
ERC,Historical,76,0.00017714638618782213,0.006924859809155121
Naive,N/A,76,0.0002452420275606482,0.007149661890351591
HRP,GARCH,77,0.0005907261205673947,0.006248067029564604
HRP,Historical,77,0.000590579662543899,0.0066364927412019895
MVP,GARCH,77,0.0006288894047336777,0.0053423407181081945
MVP,Historical,77,0.0007574685606751286,0.005886749253277231
ERC,GARCH,77,0.0005775556447025014,0.006459090569929942
ERC,Historical,77,0.0005778319877939512,0.006802829364535234
Naive,N/A,77,0.0005561433213622021,0.007022665261738868
HRP,GARCH,78,-0.0008605749650604054,0.006133644664458588
HRP,Historical,78,-0.0007885049910727959,0.006668459001288496
MVP,GARCH,78,-0.0010581686821403023,0.005252007426147012
MVP,Historical,78,-0.00044519199762980223,0.005917335563817507
ERC,GARCH,78,-0.0008283242732824364,0.006327562295290299
ERC,Historical,78,-0.0007889015691815162,0.00682093411395402
Naive,N/A,78,-0.0008032405904153261,0.007023028440685255
HRP,GARCH,79,-0.0006300162161072328,0.006475184901698649
HRP,Historical,79,-0.00047380587870740403,0.006699595218260557
MVP,GARCH,79,-0.0001533375427213346,0.005596069040764134
MVP,Historical,79,0.0005246706148171424,0.005929754737922511
ERC,GARCH,79,-0.0006430905508997784,0.006541934147538607
ERC,Historical,79,-0.0005538061237048964,0.006794622528685097
Naive,N/A,79,-0.0007224600258502278,0.006979794942096354
HRP,GARCH,80,0.002864688259648105,0.007493061089017383
HRP,Historical,80,0.00294503012198282,0.006845440205714478
MVP,GARCH,80,0.002483342679257499,0.006328451036725099
MVP,Historical,80,0.002651306862328464,0.006007956054476751
ERC,GARCH,80,0.0029096366101123506,0.007717677432948914
ERC,Historical,80,0.002953357355388672,0.006946741842239622
Naive,N/A,80,0.0030144667464987846,0.007152202565908173
HRP,GARCH,81,0.00045489675031438364,0.006544455581405771
HRP,Historical,81,0.0004023860410226908,0.0067687388707058285
MVP,GARCH,81,0.0005918945792232883,0.005822298720294096
MVP,Historical,81,0.0004991774944448581,0.005991472281131376
ERC,GARCH,81,0.0004012832149300997,0.006719228066891718
ERC,Historical,81,0.0003647565175537639,0.0069281513203152375
Naive,N/A,81,0.0002958275530873618,0.007131187267242784
HRP,GARCH,82,-0.000318911711833435,0.007613878445569905
HRP,Historical,82,-0.00045937001390805685,0.006801051432904498
MVP,GARCH,82,0.0004146564844493972,0.006578402521431539
MVP,Historical,82,0.0003505733864904815,0.006003079950612256
ERC,GARCH,82,-0.0005137356678689205,0.008045803954031852
ERC,Historical,82,-0.0006195045059260495,0.00697795864802054
Naive,N/A,82,-0.0008287271573099062,0.007195808678050638
HRP,GARCH,83,0.0015208637360655973,0.00706171681394301
HRP,Historical,83,0.001694402278636339,0.006975192093045961
MVP,GARCH,83,0.0002060997945060566,0.006094815067004463
MVP,Historical,83,0.0004682900197137757,0.006142545295757
ERC,GARCH,83,0.0017005453033491207,0.007417255750285603
ERC,Historical,83,0.0018167320576157394,0.007111355561532903
Naive,N/A,83,0.0020940557360676843,0.007334623525249642
HRP,GARCH,84,0.00014159048108701154,0.007094283525789382
HRP,Historical,84,2.715182927938976e-05,0.007057423082094655
MVP,GARCH,84,-0.00029712071757245675,0.006252188564463107
MVP,Historical,84,-0.00034785688827590196,0.006272570616621178
ERC,GARCH,84,9.93420039114176e-05,0.007348461062764733
ERC,Historical,84,2.289890968408074e-06,0.007197778978656969
Naive,N/A,84,-2.2291146830862624e-05,0.007409759680764825
HRP,GARCH,85,-0.0003325531720408385,0.007472479945825662
HRP,Historical,85,-0.0003136521619278688,0.007131151538651319
MVP,GARCH,85,0.0005269965322087857,0.006598456377950795
MVP,Historical,85,0.00012881974889499952,0.006379613835101805
ERC,GARCH,85,-0.000394152144310298,0.007651092075712415
ERC,Historical,85,-0.0003761827105102732,0.007275547252717952
Naive,N/A,85,-0.0003910433132052121,0.007472057100377159
HRP,GARCH,86,0.0008907299632898678,0.007023283000544745
HRP,Historical,86,0.0008871663280020982,0.0069998902369507775
MVP,GARCH,86,0.0007209708405534801,0.006327431403041955
MVP,Historical,86,0.0007732277930462278,0.006297533501795389
ERC,GARCH,86,0.0009181799609231751,0.007164450353667362
ERC,Historical,86,0.0009157166114388653,0.007132613821571618
Naive,N/A,86,0.0009876443717287946,0.0073040056626904595
HRP,GARCH,87,-0.0010920460792587339,0.006850094917292026
HRP,Historical,87,-0.00107331939946609,0.006974279252829577
MVP,GARCH,87,-0.0015479206724763046,0.006319460544831793
MVP,Historical,87,-0.0015193853548269127,0.00629886755152007
ERC,GARCH,87,-0.0011506603537849904,0.006907793680745974
ERC,Historical,87,-0.0011335676256574005,0.007100043712537026
Naive,N/A,87,-0.0011217799563523183,0.007260255263633018
HRP,GARCH,88,8.715752418634863e-05,0.006506358801733013
HRP,Historical,88,0.00018661352529147375,0.006729055612309471
MVP,GARCH,88,0.00023151209410475452,0.005946979770025002
MVP,Historical,88,0.0006001523403929695,0.006073768211410097
ERC,GARCH,88,-4.5895664304252225e-05,0.006575056922662799
ERC,Historical,88,1.655565480321812e-05,0.006863642160710056
Naive,N/A,88,-0.00010409907462649449,0.007038744144718492
HRP,GARCH,89,-0.00031269398769348235,0.00682156974059935
HRP,Historical,89,-0.0003338842091845751,0.0068373600781613374
MVP,GARCH,89,0.00073879344280133,0.006115833490457991
MVP,Historical,89,0.000712962365860225,0.006170941136840437
ERC,GARCH,89,-0.00048711666299662223,0.006945564149874478
ERC,Historical,89,-0.0004960637251260255,0.006952829670065084
Naive,N/A,89,-0.0006544733746350383,0.007129481282749176
HRP,GARCH,90,-0.002585283879969818,0.006671184003371024
HRP,Historical,90,-0.002529469429848043,0.00680414269486076
MVP,GARCH,90,-0.002935336958943076,0.005612906165686075
MVP,Historical,90,-0.0027587316646739126,0.006089187598462041
ERC,GARCH,90,-0.0025590040767042486,0.007045685659626903
ERC,Historical,90,-0.002535077921529249,0.006927067783843806
Naive,N/A,90,-0.002465556112756771,0.007128659073699758
HRP,GARCH,91,0.001561614046453517,0.008317161180706172
HRP,Historical,91,0.001577714615299646,0.007580486188868402
MVP,GARCH,91,0.0025612528367958192,0.007153530090448175
MVP,Historical,91,0.0027827996942495527,0.006726057822324487
ERC,GARCH,91,0.0014709537323109728,0.00878721531610692
ERC,Historical,91,0.0014936785566980262,0.007722705821308978
Naive,N/A,91,0.0013627242372315444,0.007929165366418486
HRP,GARCH,92,0.0003582901987447883,0.007998232971185805
HRP,Historical,92,0.0002941755289008681,0.007737821146815765
MVP,GARCH,92,-0.00034083400751308356,0.006805436269906957
MVP,Historical,92,-0.00044979558100315565,0.006820023064907375
ERC,GARCH,92,0.0003632623522561061,0.008441166795998552
ERC,Historical,92,0.0002876843581915843,0.007903354436183873
Naive,N/A,92,0.0003390025522737799,0.008130897852531412
HRP,GARCH,93,-0.0009548883224929033,0.008030929617273856
HRP,Historical,93,-0.0009711133332335173,0.007788835717228067
MVP,GARCH,93,0.0001095859158004744,0.007071541428681527
MVP,Historical,93,0.0001587662543665874,0.00690553440864738
ERC,GARCH,93,-0.0011440656722926418,0.008267938884432778
ERC,Historical,93,-0.0011669327652942742,0.007951640019691444
Naive,N/A,93,-0.0013124434910804857,0.008184958449054511
HRP,GARCH,94,-0.002024922767670164,0.008390839843891685
HRP,Historical,94,-0.0020680076426320584,0.007902550876179932
MVP,GARCH,94,-0.0004868080912243685,0.007342506763236952
MVP,Historical,94,-0.0004910459150960404,0.007025952747779849
ERC,GARCH,94,-0.0021927197453132266,0.008693822489394874
ERC,Historical,94,-0.0022287057881714054,0.008087832854096895
Naive,N/A,94,-0.0024560559069458066,0.008325343296685323
HRP,GARCH,95,-0.0013641307075726306,0.009497137540534658
HRP,Historical,95,-0.0013870476348544784,0.008020488395281977
MVP,GARCH,95,-0.00036783752271631596,0.008095520057105492
MVP,Historical,95,-0.0003035777494886818,0.007163098123739595
ERC,GARCH,95,-0.0014380952563877118,0.009866116193561977
ERC,Historical,95,-0.001444149075953957,0.008247809804331277
Naive,N/A,95,-0.001556457541556987,0.008498302274416062
HRP,GARCH,96,0.003032916033157198,0.010361138306938324
HRP,Historical,96,0.0035010646496036932,0.008312768819943177
MVP,GARCH,96,0.0017470472863165768,0.007851825026858123
MVP,Historical,96,0.0023056432358385653,0.007355540980544328
ERC,GARCH,96,0.003497166251586559,0.011556176213806713
ERC,Historical,96,0.003735293159023097,0.008575689488618752
Naive,N/A,96,0.003982948673506871,0.008859022615077677
HRP,GARCH,97,0.0012031373343476832,0.008673615553859159
HRP,Historical,97,0.0011397910753876803,0.008474957844825349
MVP,GARCH,97,0.0013701682662028772,0.007445249530981025
MVP,Historical,97,0.0014522677338201623,0.00744729757276888
ERC,GARCH,97,0.0010793737471849999,0.009206117170846448
ERC,Historical,97,0.0010279187025218225,0.008760350673980304
Naive,N/A,97,0.0009345533983472071,0.00907560669255615
HRP,GARCH,98,0.0006420389628653992,0.00809791600632816
HRP,Historical,98,0.0007397170723717454,0.00846460543299299
MVP,GARCH,98,0.0005616254667875905,0.007200292885251027
MVP,Historical,98,0.0006174392121100351,0.00745885395484828
ERC,GARCH,98,0.0007290370477490931,0.008389094765876903
ERC,Historical,98,0.0008014288939257407,0.008747710379779597
Naive,N/A,98,0.0008909749357705874,0.009064160147417018
HRP,GARCH,99,0.0010208716089497437,0.008240228240411734
HRP,Historical,99,0.0010009946401171401,0.00849609829714877
MVP,GARCH,99,0.0007524134049411296,0.007009224175847906
MVP,Historical,99,0.000666900479480737,0.007521547993023083
ERC,GARCH,99,0.0010835123194077676,0.008621690509192939
ERC,Historical,99,0.001073610662701418,0.008786756294106052
Naive,N/A,99,0.0011380539051982635,0.009117922372696449
HRP,GARCH,100,0.0005078534765098277,0.0077233404807565634
HRP,Historical,100,0.0005811805843924141,0.008552359385410041
MVP,GARCH,100,0.0012808008126968344,0.0069775598153089275
MVP,Historical,100,0.001704980157492143,0.007587790061227038
ERC,GARCH,100,0.0004059410828752139,0.007926026832101814
ERC,Historical,100,0.00043705670704767666,0.008841321583782332
Naive,N/A,100,0.00030627468026011667,0.009168352674626656
HRP,GARCH,101,0.001432023356704799,0.009815824477541688
HRP,Historical,101,0.001463644579998193,0.008757055082546298
MVP,GARCH,101,0.0009621611682881102,0.00820456607611922
MVP,Historical,101,0.00039435540139440804,0.007717633646878762
ERC,GARCH,101,0.001551193717437434,0.010412564538509817
ERC,Historical,101,0.0015815408152981467,0.009069876533020447
Naive,N/A,101,0.0016986014421085948,0.009447871772013863
HRP,GARCH,102,-0.00017858584808540584,0.008267245939424798
HRP,Historical,102,-0.00021765027835675692,0.008773428427113868
MVP,GARCH,102,-0.0011633887104168115,0.007444870643540612
MVP,Historical,102,-0.0011650939810789645,0.00767258881248658
ERC,GARCH,102,-0.00019434090435305608,0.008437922319531168
ERC,Historical,102,-0.00021459030994937518,0.009018749675065997
Naive,N/A,102,-1.5897163070164682e-05,0.009418176898959787
HRP,GARCH,103,2.172114727528048e-05,0.008085814574624615
HRP,Historical,103,2.1215045597827e-05,0.00876132752420105
MVP,GARCH,103,-0.0001690382691242606,0.0072726011728278354
MVP,Historical,103,-8.928308963847033e-05,0.007662584348198576
ERC,GARCH,103,7.615825947134755e-05,0.008253850346113058
ERC,Historical,103,7.876483023434259e-05,0.00901003630659371
Naive,N/A,103,6.630358838730617e-05,0.00941822079962649
HRP,GARCH,104,-0.0015253223404393928,0.008432985026945311
HRP,Historical,104,-0.0015259935127661212,0.008665853481603357
MVP,GARCH,104,-0.0011445590831929355,0.0075625872067239894
MVP,Historical,104,-0.0011489152628292654,0.007728793464396396
ERC,GARCH,104,-0.0014425859646469597,0.008718848532025675
ERC,Historical,104,-0.0014426005964024123,0.008951163987050021
Naive,N/A,104,-0.0013889165563434347,0.009312967651951401
HRP,GARCH,105,0.002154265848917851,0.008326171617953057
HRP,Historical,105,0.0019523161398887444,0.008684714655839266
MVP,GARCH,105,0.00033837305380268404,0.007445179065731101
MVP,Historical,105,0.00018093762662311057,0.007756945982694588
ERC,GARCH,105,0.002448610174773099,0.008458726727771915
ERC,Historical,105,0.0023428941063189735,0.008962463099008656
Naive,N/A,105,0.0027391250135229608,0.00931776127877788
HRP,GARCH,106,0.0007051709270356514,0.008262476219747808
HRP,Historical,106,0.0006924170580274349,0.008624542903558829
MVP,GARCH,106,0.0009035449799526382,0.007535682723185479
MVP,Historical,106,0.000852806485948294,0.007759442927586903
ERC,GARCH,106,0.0007003977427262705,0.00843991407921534
ERC,Historical,106,0.000686206736156152,0.008865358987164144
Naive,N/A,106,0.0006653297022764881,0.009217047524887076
HRP,GARCH,107,0.0007248941994257485,0.007945245382708998
HRP,Historical,107,0.0007252809567040295,0.008635745146282
MVP,GARCH,107,0.0007359058242155855,0.007146950770638972
MVP,Historical,107,0.000577404315620326,0.007718812101108264
ERC,GARCH,107,0.0006771776972199156,0.008054354794788937
ERC,Historical,107,0.0006788483583694506,0.00878330468386955
Naive,N/A,107,0.0007207699570530989,0.009118856040036042
HRP,GARCH,108,0.0014993024386228712,0.007979926604006038
HRP,Historical,108,0.0015168162748292618,0.008673872805842996
MVP,GARCH,108,0.0017786252928095468,0.006810208846714571
MVP,Historical,108,0.0017225995421140956,0.007569648321221287
ERC,GARCH,108,0.001455925953005823,0.008170999251974538
ERC,Historical,108,0.0014723485933712242,0.008828127321516098
Naive,N/A,108,0.001426229378148649,0.009344904158360456
HRP,GARCH,109,-0.00046292107851840606,0.007670196328037613
HRP,Historical,109,-0.0004434817694573919,0.008547578823901312
MVP,GARCH,109,0.0005118395494302622,0.006614422430756177
MVP,Historical,109,0.0004794203799246016,0.0074237313528136215
ERC,GARCH,109,-0.0005885623127652451,0.007857986158328714
ERC,Historical,109,-0.0005918555196078609,0.00870897766738447
Naive,N/A,109,-0.0008994778893588143,0.009245199724889519
HRP,GARCH,110,0.0004961559251298159,0.007788417385424429
HRP,Historical,110,0.0004927930622462568,0.00850438129588403
MVP,GARCH,110,0.0006503090206779435,0.006528084189284214
MVP,Historical,110,0.0004021964325452211,0.007370771268660502
ERC,GARCH,110,0.00046403830935639917,0.00803302882727399
ERC,Historical,110,0.0004695340513983675,0.008664381139179136
Naive,N/A,110,0.0004718295123659973,0.009217884395419465
HRP,GARCH,111,0.0007345157197537625,0.007327057117022447
HRP,Historical,111,0.0006979669319101099,0.008454224573491122
MVP,GARCH,111,0.00093860132216181,0.006074985520875046
MVP,Historical,111,0.0009475171716052091,0.007274490488304212
ERC,GARCH,111,0.0006846097975698043,0.007613565825396462
ERC,Historical,111,0.0006885816346374499,0.00857877668845499
Naive,N/A,111,0.0007772966594059382,0.009169723668462524
HRP,GARCH,112,0.0010528295698683625,0.007360739024157635
HRP,Historical,112,0.0009607825721049095,0.008449383397720639
MVP,GARCH,112,0.0018340101932525403,0.005753787726304225
MVP,Historical,112,0.0010915190621981063,0.007255762961506117
ERC,GARCH,112,0.0009539685120489996,0.007661287576260747
ERC,Historical,112,0.0009178532189201091,0.00857550053299463
Naive,N/A,112,0.0008278652519725446,0.009182777776514372
HRP,GARCH,113,0.000496516295470603,0.006495577818992319
HRP,Historical,113,0.00077369785582834,0.008324463939190912
MVP,GARCH,113,-0.0006679588677367285,0.00438490932207886
MVP,Historical,113,-0.00030634273935478484,0.007143960342652522
ERC,GARCH,113,0.000738790757212141,0.0070439239959599435
ERC,Historical,113,0.0008871087363016756,0.008448926265244473
Naive,N/A,113,0.0012714184833279908,0.009061174564217556
HRP,GARCH,114,-0.0011179080973653048,0.006217749129385329
HRP,Historical,114,-0.0011114631477679136,0.008385000208643434
MVP,GARCH,114,-1.8840431543533424e-05,0.004709273479320077
MVP,Historical,114,-0.0002582300929431086,0.007132016407077106
ERC,GARCH,114,-0.001024554120632659,0.006408837008926099
ERC,Historical,114,-0.0010387353925390536,0.008416455401751666
Naive,N/A,114,-0.001208365157451797,0.008997776854823746
HRP,GARCH,115,0.001335368834715853,0.006050990053227224
HRP,Historical,115,0.0012568820259525344,0.007230610431434632
MVP,GARCH,115,0.0012780526699025087,0.004559788072532335
MVP,Historical,115,0.0009725214258198259,0.006410735460576378
ERC,GARCH,115,0.0014055331566553773,0.006708522978704852
ERC,Historical,115,0.001367643918283224,0.007606353107629722
Naive,N/A,115,0.0015061787577589256,0.008252392423598777
HRP,GARCH,116,0.0007803020729355325,0.006087573495733897
HRP,Historical,116,0.0008585521393401291,0.007267481953684711
MVP,GARCH,116,-0.00033061669605316047,0.004752018734403307
MVP,Historical,116,0.00020608875788468258,0.006116421087470634
ERC,GARCH,116,0.0007618138323166282,0.00614664528349444
ERC,Historical,116,0.0007913139212583842,0.007262518237406145
Naive,N/A,116,0.0009473863280464277,0.007896193258318732
HRP,GARCH,117,0.00036662592963127477,0.005349237439085928
HRP,Historical,117,0.00046449926783702545,0.006812168744974097
MVP,GARCH,117,0.0004392944897943684,0.004459887811869873
MVP,Historical,117,0.0005070220793714197,0.005998123492963829
ERC,GARCH,117,0.0005517235162944712,0.005557468799546781
ERC,Historical,117,0.0005938828705946231,0.007133796703827921
Naive,N/A,117,0.0006043670653325423,0.00775792027623516
HRP,GARCH,118,0.0017232815714871143,0.00565266721732808
HRP,Historical,118,0.0016989295300341497,0.006894127317254304
MVP,GARCH,118,0.0007983356872025494,0.0046319442530173074
MVP,Historical,118,0.0010145450153334012,0.005775105515298317
ERC,GARCH,118,0.001594269457913618,0.005633165671253723
ERC,Historical,118,0.0015929741294274588,0.006887937611386251
Naive,N/A,118,0.0018566898726813687,0.007543720936176231
HRP,GARCH,119,0.001840868370352364,0.00532218182440293
HRP,Historical,119,0.0016465932748415744,0.006544810243026578
MVP,GARCH,119,0.00011203925255827205,0.004580762462986993
MVP,Historical,119,7.036109570624939e-05,0.0054649646033293866
ERC,GARCH,119,0.001542456485545134,0.005287556029733194
ERC,Historical,119,0.0014278478553284128,0.0065229035567789155
Naive,N/A,119,0.0020397524476891858,0.007178784972257137
HRP,GARCH,120,-0.0030797850941919336,0.005150806954565566
HRP,Historical,120,-0.002824981821264113,0.005636731441878723
MVP,GARCH,120,-0.002971407235891925,0.00455518202939399
MVP,Historical,120,-0.002120966066775243,0.0049965778915851316
ERC,GARCH,120,-0.003086770563627423,0.00539454396253318
ERC,Historical,120,-0.002978348911582703,0.005910783177012321
Naive,N/A,120,-0.0033692812664512,0.006550452486836736
HRP,GARCH,121,0.0026130768728107956,0.007553099087044033
HRP,Historical,121,0.0024142887597248834,0.005863943782770937
MVP,GARCH,121,0.0019457251984967001,0.006607898439765086
MVP,Historical,121,0.0016907958393816728,0.005216937076967872
ERC,GARCH,121,0.002700840483571506,0.007797618583182431
ERC,Historical,121,0.0025730017366927004,0.006108860362685257
Naive,N/A,121,0.0029074399916643604,0.006655858444676608
HRP,GARCH,122,-0.0014784442730228246,0.006236188198151417
HRP,Historical,122,-0.0014051047364235583,0.005994869151783237
MVP,GARCH,122,-0.0016041913315515113,0.0057458170588898985
MVP,Historical,122,-0.0012190784380391392,0.00538686406939401
ERC,GARCH,122,-0.0013418745491229514,0.006449491133832514
ERC,Historical,122,-0.0012887831212287145,0.006201972812033716
Naive,N/A,122,-0.0013657397770860328,0.006695494413609032
HRP,GARCH,123,0.0001304165319295878,0.007273434219497341
HRP,Historical,123,0.00018161999560222737,0.006560124032072514
MVP,GARCH,123,-0.00022546491052935713,0.005799615072328614
MVP,Historical,123,-0.000738515387134496,0.00558062176124159
ERC,GARCH,123,0.00032457155892546007,0.007233442712337968
ERC,Historical,123,0.0003419013502540338,0.0064977009506855385
Naive,N/A,123,0.0005270624499439042,0.0070135869914599485
HRP,GARCH,124,0.0013851672263805069,0.006783459579141862
HRP,Historical,124,0.0013205193790592363,0.006571528315887728
MVP,GARCH,124,0.0009231034210429719,0.005947823494111163
MVP,Historical,124,0.0004044007868737062,0.0055909016405532586
ERC,GARCH,124,0.0010637421895704079,0.006693539197758282
ERC,Historical,124,0.0010316473146333655,0.006503499318757997
Naive,N/A,124,0.001058119015253853,0.0070366651163951445
HRP,GARCH,125,0.0006296322542441369,0.00598216767576601
HRP,Historical,125,0.0006753860424618993,0.005995493241808977
MVP,GARCH,125,0.0017204753389037917,0.005521529978852009
MVP,Historical,125,0.0018011269378195123,0.0053645240049398
ERC,GARCH,125,0.0004166033420464948,0.006184323001914779
ERC,Historical,125,0.000453340745480602,0.006180139356584654
Naive,N/A,125,7.515560757617376e-05,0.006624549911601062
HRP,GARCH,126,0.0012059620937344907,0.006176785603686588
HRP,Historical,126,0.0011926072200210294,0.0062439864551218785
MVP,GARCH,126,0.0010483205731679785,0.005282771819913139
MVP,Historical,126,0.0007229674520981872,0.005374418300531437
ERC,GARCH,126,0.0010279921150609436,0.00606984664153936
ERC,Historical,126,0.0010308414543070336,0.006172019967666041
Naive,N/A,126,0.001033010827435785,0.0066121813756965225
HRP,GARCH,127,0.00042269180230390923,0.005939516337203184
HRP,Historical,127,0.00042601617014917755,0.006252153886922903
MVP,GARCH,127,0.0002687551020176492,0.005079477788297184
MVP,Historical,127,-7.389821502750928e-05,0.005369534474295254
ERC,GARCH,127,0.00037235995111135916,0.005870491040209755
ERC,Historical,127,0.0003780276838624569,0.006168388511258589
Naive,N/A,127,0.0004212533530290483,0.006604756307343989
HRP,GARCH,128,0.00011675048244220024,0.005230731062391687
HRP,Historical,128,4.740741763182494e-05,0.005981035924840021
MVP,GARCH,128,0.00023698219247266205,0.004327306005134267
MVP,Historical,128,4.4809763299850645e-06,0.005097365588273768
ERC,GARCH,128,-6.416697889643531e-05,0.00520918162763477
ERC,Historical,128,-9.28868296091005e-05,0.005869197597748724
Naive,N/A,128,-6.344684648309334e-05,0.0063722856955586655
HRP,GARCH,129,-0.0026696280745053635,0.005344527744149544
HRP,Historical,129,-0.0024848394285167308,0.005906751133338737
MVP,GARCH,129,-0.0015211500174512212,0.0045259315219732515
MVP,Historical,129,-0.000723956878044186,0.005048814956702223
ERC,GARCH,129,-0.002426797666368813,0.005351422441827798
ERC,Historical,129,-0.0023214792669994854,0.005789450711482238
Naive,N/A,129,-0.002767433478590388,0.006291942112580792
HRP,GARCH,130,0.000671294156749007,0.007811963611067224
HRP,Historical,130,0.0006475303756065558,0.0058813606410112775
MVP,GARCH,130,0.0009197780115575227,0.0063901383974491995
MVP,Historical,130,0.0010829348433869593,0.00519721251575067
ERC,GARCH,130,0.0006625807475349882,0.008316965381259827
ERC,Historical,130,0.0006501047985495981,0.006133096921185557
Naive,N/A,130,0.00046080982724884566,0.006811272342741632
HRP,GARCH,131,-0.004602362509515493,0.006646809556372186
HRP,Historical,131,-0.004577363254783409,0.005913465813599689
MVP,GARCH,131,-0.004376618908907593,0.005759741545895905
MVP,Historical,131,-0.004001207665082729,0.005246868194412738
ERC,GARCH,131,-0.0047031396375397955,0.0073474278144915195
ERC,Historical,131,-0.0046871463809486,0.006267639840379995
Naive,N/A,131,-0.004982207803789897,0.007035382628953261
HRP,GARCH,132,0.003364521964412006,0.010427831779295155
HRP,Historical,132,0.002988784091226975,0.006630421187915027
MVP,GARCH,132,0.0027429298610074752,0.008137513134013525
MVP,Historical,132,0.0018591541082138153,0.0057784373214868475
ERC,GARCH,132,0.0033463907392396325,0.011346125789619408
ERC,Historical,132,0.0031796932519341688,0.0070465337568337595
Naive,N/A,132,0.0035900707127337153,0.007826127826135308
HRP,GARCH,133,0.0024836899544041363,0.008261022195282214
HRP,Historical,133,0.0025386719929404323,0.007372340348538718
MVP,GARCH,133,0.0016090466168297308,0.006872791968217783
MVP,Historical,133,0.002184753131383121,0.005935862882690487
ERC,GARCH,133,0.002554591604695537,0.00813496447870648
ERC,Historical,133,0.0025852700397257546,0.007272512955165641
Naive,N/A,133,0.002752909655144506,0.00807944341594456
HRP,GARCH,134,0.0002751053094118873,0.0064664610348499725
HRP,Historical,134,0.0003423018518485692,0.006812948770280169
MVP,GARCH,134,0.0006006418401815934,0.005826923711371719
MVP,Historical,134,0.00029324114835578736,0.005955579218923485
ERC,GARCH,134,0.0001640476674180913,0.00669669963880105
ERC,Historical,134,0.0001908677381564935,0.007273394435826003
Naive,N/A,134,-1.7419156815159898e-05,0.008058024612272625
HRP,GARCH,135,0.001314716672591119,0.006704443112743814
HRP,Historical,135,0.0014578230852226525,0.00687502842177851
MVP,GARCH,135,0.0008179072642173616,0.005802648515520021
MVP,Historical,135,0.001420697586383782,0.006015203487859022
ERC,GARCH,135,0.00154789090397832,0.007329037853880494
ERC,Historical,135,0.00160053363925997,0.007356266328631404
Naive,N/A,135,0.0019125833939851139,0.008156033809774636
HRP,GARCH,136,-0.000997306291546554,0.006398100804398689
HRP,Historical,136,-0.0010111949662074589,0.006868454386924569
MVP,GARCH,136,-2.5124446536715626e-05,0.005360706883021451
MVP,Historical,136,-0.00026287889618733406,0.0060013697154385585
ERC,GARCH,136,-0.0013211836460584555,0.006942717511398914
ERC,Historical,136,-0.0013085565533190134,0.007338805631223775
Naive,N/A,136,-0.0017495612271626899,0.00812908973383741
HRP,GARCH,137,0.0011762569469273825,0.006524421301081943
HRP,Historical,137,0.001237690120268382,0.006960495079989764
MVP,GARCH,137,0.0009550669073935485,0.005674301916162302
MVP,Historical,137,0.0009635523632029754,0.006070975887484043
ERC,GARCH,137,0.001366433844583406,0.0071860420626877804
ERC,Historical,137,0.0013968546951462534,0.007443056560841482
Naive,N/A,137,0.0015842961535480291,0.00827822795883931
HRP,GARCH,138,0.001175012566329368,0.006653576466417736
HRP,Historical,138,0.0011863090793379366,0.0070195864070744605
MVP,GARCH,138,0.0007462148372467352,0.00578642162487426
MVP,Historical,138,0.0006808064680410978,0.006141871872088812
ERC,GARCH,138,0.0013676114583734199,0.007145893246661985
ERC,Historical,138,0.0013794213610740513,0.007512768738927626
Naive,N/A,138,0.0017428708109441117,0.008367050636515591
HRP,GARCH,139,-0.0007600728129483798,0.006575010957826318
HRP,Historical,139,-0.0006360324908303098,0.007049586864164682
MVP,GARCH,139,-0.00013577004110909742,0.0057318674836131294
MVP,Historical,139,-0.0002479952130342309,0.006166933434030187
ERC,GARCH,139,-0.0008731326940121151,0.006891276253761002
ERC,Historical,139,-0.0008171210527120279,0.007504079492052935
Naive,N/A,139,-0.0011171146182180004,0.00833111382143532
HRP,GARCH,140,0.0009719547177221553,0.008529871794767437
HRP,Historical,140,0.0009469754997406139,0.007934169715304142
MVP,GARCH,140,0.0015103862913398334,0.006453405610813838
MVP,Historical,140,0.0011076859712882813,0.006397313902641269
ERC,GARCH,140,0.001155695315611344,0.008508519060607496
ERC,Historical,140,0.0011341788742865917,0.007832306575874996
Naive,N/A,140,0.0012333527928940322,0.008674929539703904
HRP,GARCH,141,0.00029583075623803727,0.007424938235162024
HRP,Historical,141,0.0002738860529182072,0.008052872305876332
MVP,GARCH,141,0.00012059761461155907,0.006068268804088161
MVP,Historical,141,0.00011838344900652096,0.006478652755770159
ERC,GARCH,141,0.00022542310634412384,0.007367891182720739
ERC,Historical,141,0.00020067473987106448,0.00795692706736421
Naive,N/A,141,0.00014543407368282758,0.008821813463789
HRP,GARCH,142,0.0009093241674584501,0.0076360256777562
HRP,Historical,142,0.000952461373603765,0.008176937365348391
MVP,GARCH,142,-0.00020048499659926764,0.006147726946124441
MVP,Historical,142,-7.89358893815565e-05,0.0065663303449654525
ERC,GARCH,142,0.0006791081196307382,0.007578760404288705
ERC,Historical,142,0.0006973059837797503,0.008090596193501689
Naive,N/A,142,0.0009077179539302256,0.008961353506474675
HRP,GARCH,143,0.0011173625922750788,0.007359794021478622
HRP,Historical,143,0.0011286064645424007,0.00816757396343735
MVP,GARCH,143,0.001268120642514407,0.006020384845213875
MVP,Historical,143,0.0012181790998186059,0.006565718231091146
ERC,GARCH,143,0.0012469972317370153,0.007264590979590493
ERC,Historical,143,0.0012647205958122398,0.008061441863227698
Naive,N/A,143,0.0014067540322157059,0.0089357532207653
HRP,GARCH,144,0.0015463006087845907,0.006406306920418055
HRP,Historical,144,0.0015727878843461174,0.008163106791948737
MVP,GARCH,144,0.0013156574574622925,0.0046007334220078385
MVP,Historical,144,0.0012737485637166108,0.006556915534797372
ERC,GARCH,144,0.0015710681913706503,0.006716566898219549
ERC,Historical,144,0.0015876769204594976,0.008068402069688932
Naive,N/A,144,0.001646730222510924,0.008934376956202165
HRP,GARCH,145,0.00026799399571127413,0.0062470816063936955
HRP,Historical,145,0.0004688380842944423,0.0077202307124167625
MVP,GARCH,145,0.0002619854395865758,0.004617538297395411
MVP,Historical,145,0.0012432011157619393,0.006265706571415392
ERC,GARCH,145,0.0006178947566812616,0.006355441770386224
ERC,Historical,145,0.0007213383665144296,0.007667839541908129
Naive,N/A,145,0.0005742616575487514,0.008546904147682256
HRP,GARCH,146,-0.01645131381675779,0.006269937484415969
HRP,Historical,146,-0.016809934082077625,0.007001244972737976
MVP,GARCH,146,-0.014526001591935546,0.005303892784964446
MVP,Historical,146,-0.01642092198958547,0.0060974316627670794
ERC,GARCH,146,-0.01705434441403147,0.006898227561246681
ERC,Historical,146,-0.01721382870701339,0.007562279455889104
Naive,N/A,146,-0.01779158278869028,0.008528525438487741
HRP,GARCH,147,0.010021902489271085,0.053191732438727476
HRP,Historical,147,0.009722517736267654,0.012260358534990483
MVP,GARCH,147,0.010394403442164378,0.04187809520735362
MVP,Historical,147,0.009559422338205717,0.010489880740839582
ERC,GARCH,147,0.00996124963536684,0.057153396181602256
ERC,Historical,147,0.00977950010066261,0.012669750795466651
Naive,N/A,147,0.009889472003522878,0.013126160090691192
HRP,GARCH,148,-0.0008425781862292391,0.026667130203332473
HRP,Historical,148,-0.0009553861296561497,0.015495368440824045
MVP,GARCH,148,-0.000514610202265092,0.02167339558170437
MVP,Historical,148,-0.00039543661350668544,0.01294906563006323
ERC,GARCH,148,-0.0011902249830197348,0.027121132615422445
ERC,Historical,148,-0.00125984880134164,0.015610923036457013
Naive,N/A,148,-0.0013337363380621448,0.016021566121276806
HRP,GARCH,149,0.0029415232215721627,0.015456750979129411
HRP,Historical,149,0.003669291068261498,0.01565735152986186
MVP,GARCH,149,0.0008360994075581237,0.011448869578627367
MVP,Historical,149,0.00020046031131361133,0.01317205973990243
ERC,GARCH,149,0.003713359694482554,0.017402981013690793
ERC,Historical,149,0.00409141236096135,0.01606487843559755
Naive,N/A,149,0.004478268904746414,0.01653679623921057
HRP,GARCH,150,0.002958554056854946,0.02334907752428198
HRP,Historical,150,0.0025296889886988055,0.015988781924711825
MVP,GARCH,150,0.0034386684789016755,0.01722423918918382
MVP,Historical,150,0.0024998576382699498,0.013382659199002379
ERC,GARCH,150,0.002846795474407906,0.026508093975534684
ERC,Historical,150,0.0025798325160370124,0.016587281771943376
Naive,N/A,150,0.0026443042949506152,0.01713789972372522
HRP,GARCH,151,0.003358142701029903,0.013081349641065871
HRP,Historical,151,0.0037014147467249207,0.016109172579259406
MVP,GARCH,151,0.0014544705149106183,0.010278506835123265
MVP,Historical,151,0.0017444717167585666,0.013492457335000088
ERC,GARCH,151,0.004052369230519625,0.014248998383358339
ERC,Historical,151,0.00433110936270322,0.016769606294853946
Naive,N/A,151,0.004828136321658798,0.017345970248928946
HRP,GARCH,152,0.0005657865776209121,0.010631668164856141
HRP,Historical,152,0.0005400844302371461,0.01613450128895628
MVP,GARCH,152,0.0014230411132343842,0.008056940501007321
MVP,Historical,152,0.0004707212713474002,0.01351329244534781
ERC,GARCH,152,0.000489025436562044,0.011892654709385813
ERC,Historical,152,0.00051962555398085,0.016837465910130932
Naive,N/A,152,0.0005239143096428566,0.017450315785628244
HRP,GARCH,153,-0.0001966421546743593,0.012113324075441226
HRP,Historical,153,0.0002443806606379124,0.01620289620424733
MVP,GARCH,153,-0.0007157880422625949,0.010227984483412108
MVP,Historical,153,-0.0007227342378394027,0.013594842998535603
ERC,GARCH,153,0.00019927432173799697,0.013140821850165955
ERC,Historical,153,0.0006160436310430423,0.01692032152775987
Naive,N/A,153,0.0008275965620235172,0.017538040212363024
HRP,GARCH,154,0.0007901165225309776,0.012359866263938042
HRP,Historical,154,0.0009012119500681452,0.01623052534035038
MVP,GARCH,154,8.865006038703066e-05,0.009845547936390373
MVP,Historical,154,0.0006159871043660161,0.013595736980787537
ERC,GARCH,154,0.0007665761935110086,0.01337480220802999
ERC,Historical,154,0.0007631141625433433,0.016895140837041144
Naive,N/A,154,0.0006323156044023711,0.0175056879582295
HRP,GARCH,155,0.004063127094733919,0.016795144086915254
HRP,Historical,155,0.003853511787201525,0.01666821913374367
MVP,GARCH,155,0.0030506641723999904,0.01198750686232431
MVP,Historical,155,0.002155677947317241,0.013709271727741683
ERC,GARCH,155,0.004220311713493294,0.017186557391018705
ERC,Historical,155,0.004144242939177957,0.01696610377739613
Naive,N/A,155,0.00463940314895487,0.017567035303783844
HRP,GARCH,156,0.0013545003704758347,0.01055494980196564
HRP,Historical,156,0.001512370222652297,0.016056694001023553
MVP,GARCH,156,0.0013366185183410167,0.008849463754666923
MVP,Historical,156,0.0012244851522254584,0.013386813104615517
ERC,GARCH,156,0.0015133067112537936,0.011428074297393795
ERC,Historical,156,0.0016726237876340886,0.016693283404867493
Naive,N/A,156,0.0018660902809769647,0.01734348228527449
HRP,GARCH,157,-0.00017063922717802232,0.009072030282808358
HRP,Historical,157,0.0002780423333521636,0.015443824962120647
MVP,GARCH,157,-0.0004251822220423318,0.00770842631152153
MVP,Historical,157,-0.00017534239378353566,0.013013199375896923
ERC,GARCH,157,0.00011594126439923798,0.009616872972264169
ERC,Historical,157,0.0003145865022114316,0.01620002166261853
Naive,N/A,157,0.0005907119018289545,0.01692692655157057
HRP,GARCH,158,0.000865059337228325,0.013507263166475847
HRP,Historical,158,0.0008720492600674181,0.015579019956144375
MVP,GARCH,158,-0.0009185501978299389,0.010936565499465343
MVP,Historical,158,-0.0009616333955417783,0.012866643793007877
ERC,GARCH,158,0.001206711625331783,0.014267502267054305
ERC,Historical,158,0.0011885433879296255,0.016121961307467424
Naive,N/A,158,0.0014480777731039327,0.016886687285759962
HRP,GARCH,159,0.0019572459703425618,0.012277994287361933
HRP,Historical,159,0.0017865610624577906,0.015330618129141459
MVP,GARCH,159,0.0021139792814124404,0.009725210343678176
MVP,Historical,159,0.0020311601585527223,0.012701355949044861
ERC,GARCH,159,0.0017417982318517964,0.013481573313113766
ERC,Historical,159,0.001629469323553694,0.01600251390795673
Naive,N/A,159,0.0014769670842360498,0.016801540871705597
HRP,GARCH,160,0.0021845237656721896,0.01100645482442405
HRP,Historical,160,0.0020977915381385735,0.01552355501535979
MVP,GARCH,160,0.0014782054450961197,0.009044428235430179
MVP,Historical,160,0.001161397743193488,0.01274622994490361
ERC,GARCH,160,0.002166754947754024,0.011810487803617696
ERC,Historical,160,0.002065559960597544,0.0160795803312512
Naive,N/A,160,0.0020594268467508748,0.016895633196449246
HRP,GARCH,161,9.870349315356823e-05,0.009775271183670319
HRP,Historical,161,0.00019380663324614615,0.01511940841378264
MVP,GARCH,161,-3.720030912045002e-06,0.008427639085980456
MVP,Historical,161,-0.0001859814134611675,0.01271491673845267
ERC,GARCH,161,0.00017658118107372322,0.010584910896786216
ERC,Historical,161,0.00020901964730911862,0.016033450249210938
Naive,N/A,161,0.0002433605773246995,0.01684596008712011
HRP,GARCH,162,7.362307025219367e-05,0.009957011864077076
HRP,Historical,162,9.487925718863838e-05,0.015477235291716138
MVP,GARCH,162,-0.00037111944192515266,0.008171087745226438
MVP,Historical,162,0.0005905673840799783,0.012678823104990182
ERC,GARCH,162,0.00018924266115796667,0.010492457688135944
ERC,Historical,162,0.00025493988803332627,0.016043998413514744
Naive,N/A,162,0.0003515626637364939,0.01686608032419753
HRP,GARCH,163,0.0005883317052495297,0.010445929532231607
HRP,Historical,163,0.00047662456786742917,0.015348600761268387
MVP,GARCH,163,0.0007563253482843078,0.008535868349815507
MVP,Historical,163,0.0007087158832135162,0.012672445635672871
ERC,GARCH,163,0.00038460389032208794,0.010985572702197256
ERC,Historical,163,0.0003035310312019273,0.01605760620884277
Naive,N/A,163,6.124266197451067e-05,0.016882877933818
HRP,GARCH,164,0.0009451669927352332,0.010183698129145408
HRP,Historical,164,0.0009538286038172262,0.015249500921513453
MVP,GARCH,164,0.0003434047159896669,0.007905588393411093
MVP,Historical,164,0.0005463892287858535,0.012522081521999507
ERC,GARCH,164,0.0009907779418049873,0.01084239126678665
ERC,Historical,164,0.000994512426944703,0.015919734947447268
Naive,N/A,164,0.0010915516055219868,0.016766167811665535
HRP,GARCH,165,-0.0008175069426323992,0.009423803191296433
HRP,Historical,165,-0.0008644386549084537,0.014758691590418677
MVP,GARCH,165,-0.0007315537836164027,0.007926243385279273
MVP,Historical,165,-0.001055028996330354,0.012481790243509133
ERC,GARCH,165,-0.0008404888154413672,0.010146887582796815
ERC,Historical,165,-0.0008444924525413003,0.015875544943684494
Naive,N/A,165,-0.0007947602197090421,0.0167266358373543
HRP,GARCH,166,0.0009799859057284563,0.010252996640587746
HRP,Historical,166,0.0011393328080044464,0.015395200874046241
MVP,GARCH,166,-0.0007392095925355933,0.00795887391881854
MVP,Historical,166,-0.0009005043990836278,0.01247063953909578
ERC,GARCH,166,0.0011651715646342942,0.01087702999970244
ERC,Historical,166,0.001277960459864568,0.015852836667652012
Naive,N/A,166,0.001658918142353536,0.01670706713848143
HRP,GARCH,167,0.0007517167865697431,0.009944854109968638
HRP,Historical,167,0.0008190747504009091,0.014848383624045022
MVP,GARCH,167,0.00047145142635506953,0.008495598138094338
MVP,Historical,167,0.00039638966459545455,0.012520440362273174
ERC,GARCH,167,0.001032100682397572,0.010450054452966439
ERC,Historical,167,0.001098257207841023,0.015910989915831838
Naive,N/A,167,0.001302427898703695,0.016759485173519464
HRP,GARCH,168,-0.0001237081726888451,0.010086267437547643
HRP,Historical,168,-0.000481775100477473,0.014847890303754554
MVP,GARCH,168,0.0018796860284098532,0.007934737108400465
MVP,Historical,168,0.0005671280469016996,0.0125356203309118
ERC,GARCH,168,-0.0005608709140463203,0.0108073711918986
ERC,Historical,168,-0.0007702489731791917,0.015914831404057635
Naive,N/A,168,-0.0011662940613431723,0.01676300166442428
HRP,GARCH,169,-0.0005066576503822774,0.01205485005836919
HRP,Historical,169,-0.000675463234467362,0.015092095764624275
MVP,GARCH,169,0.0009489386415744172,0.009652720854241157
MVP,Historical,169,-0.0008650262465085839,0.012629855961867005
ERC,GARCH,169,-0.0005370522839802192,0.013155390328995088
ERC,Historical,169,-0.0006325165702141586,0.016059661868961385
Naive,N/A,169,-0.0006694105386804936,0.016936859466356417
HRP,GARCH,170,-0.0009843824142825805,0.009831206228000475
HRP,Historical,170,-0.0009850812103308335,0.015079755495270282
MVP,GARCH,170,-0.0008185588926805686,0.007641458437295756
MVP,Historical,170,-0.0009883429159712217,0.012603308981591258
ERC,GARCH,170,-0.0009824272650507126,0.010714828632826816
ERC,Historical,170,-0.0009936945969669872,0.016049706051979508
Naive,N/A,170,-0.0009614669920708508,0.016926223685818538
HRP,GARCH,171,0.0011793346534467617,0.009251690713256485
HRP,Historical,171,0.0012421977025349777,0.01212924274787583
MVP,GARCH,171,-0.0006144706895004295,0.007099437942625972
MVP,Historical,171,0.0005012375314049594,0.009734135027615805
ERC,GARCH,171,0.0012393706051851776,0.009948099809033687
ERC,Historical,171,0.0012483449115091008,0.01273572953363623
Naive,N/A,171,0.0015374398380688594,0.013802633755656222
HRP,GARCH,172,0.0010640349858447823,0.008826094610319758
HRP,Historical,172,0.0008204253497592133,0.008932362763382214
MVP,GARCH,172,0.0012295951728345754,0.006912304333950293
MVP,Historical,172,0.0013987336495670688,0.007478804102786271
ERC,GARCH,172,0.00046737007003245677,0.0101810255230912
ERC,Historical,172,0.00028381531490370276,0.009956224867109389
Naive,N/A,172,1.9482350608780602e-05,0.011087135490398142
HRP,GARCH,173,-0.0025501510551606066,0.007888866802445788
HRP,Historical,173,-0.0026390459094560816,0.00843571717525461
MVP,GARCH,173,-0.0017854515188859392,0.006672658415520759
MVP,Historical,173,-0.002032182190345638,0.007210824319868007
ERC,GARCH,173,-0.0028995780794726493,0.008707729280576575
ERC,Historical,173,-0.0029762942509491954,0.009378110725936703
Naive,N/A,173,-0.003342919494665257,0.01044174774285584
HRP,GARCH,174,-0.003447572465355856,0.009221191249834379
HRP,Historical,174,-0.0034156385142112304,0.00850345433367398
MVP,GARCH,174,-0.003869442883352644,0.007409167750034261
MVP,Historical,174,-0.003520120331779224,0.0071758596289495415
ERC,GARCH,174,-0.0034328398185967507,0.01055123483797659
ERC,Historical,174,-0.0034225460510665987,0.009192148475396827
Naive,N/A,174,-0.0031804525740980875,0.01028323233988049
HRP,GARCH,175,0.000231955160816952,0.010418296607503465
HRP,Historical,175,0.0004882471483982401,0.008752944396252868
MVP,GARCH,175,0.0021336474371316584,0.00865846760439864
MVP,Historical,175,0.0026015976595718257,0.007428922899361905
ERC,GARCH,175,1.945174433062948e-05,0.011709767148801472
ERC,Historical,175,0.0002053849654282107,0.009519206810540696
Naive,N/A,175,-0.00021394039172143142,0.010603919527501175
HRP,GARCH,176,0.003746294900643173,0.008644722611238971
HRP,Historical,176,0.003849788468328417,0.008851115654638005
MVP,GARCH,176,0.0010586708160914451,0.007290914280073594
MVP,Historical,176,0.0008582901225350284,0.007591782724870406
ERC,GARCH,176,0.00493642713831393,0.009590996963968788
ERC,Historical,176,0.004997868827727611,0.0096540696342715
Naive,N/A,176,0.006039864471935013,0.010688023774239528
HRP,GARCH,177,-0.0011263524448322942,0.009090952317045601
HRP,Historical,177,-0.0011703572102054953,0.008876581634944647
MVP,GARCH,177,-0.0008955533723324577,0.007409584607432479
MVP,Historical,177,-0.0009706745114390316,0.007592611758589911
ERC,GARCH,177,-0.0012137862454345608,0.010145732954768765
ERC,Historical,177,-0.0012372516046643268,0.009713454978996842
Naive,N/A,177,-0.001254192028434228,0.010802887210464148
HRP,GARCH,178,-0.005632619500734971,0.009144639724569595
HRP,Historical,178,-0.005599232941892315,0.008885966975354025
MVP,GARCH,178,-0.00456488121524488,0.0077863116317878015
MVP,Historical,178,-0.004603842093142388,0.0076058971704246695
ERC,GARCH,178,-0.005901662621046313,0.009871707682999959
ERC,Historical,178,-0.005875729478459222,0.00969028073351353
Naive,N/A,178,-0.006228210607476807,0.010746974984231897
HRP,GARCH,179,0.003468193097980139,0.010878998106522288
HRP,Historical,179,0.003290877599638911,0.00919716656663595
MVP,GARCH,179,0.0037195838652192507,0.009095324595280254
MVP,Historical,179,0.0038135534717057286,0.007820185091682955
ERC,GARCH,179,0.0031185075244574735,0.01176620971629322
ERC,Historical,179,0.0030002438298966207,0.010016220787576554
Naive,N/A,179,0.0027464428723409868,0.011071432345435594
HRP,GARCH,180,0.002353018227452313,0.011122140412247532
HRP,Historical,180,0.0025135561843948073,0.009485559395284808
MVP,GARCH,180,0.002087952591333566,0.009029698817592456
MVP,Historical,180,0.002308539134705906,0.00804183228121426
ERC,GARCH,180,0.002548349631582212,0.012076549440014397
ERC,Historical,180,0.0026568179447620417,0.01026068047049711
Naive,N/A,180,0.002736846039745302,0.011284245623100127
HRP,GARCH,181,0.00023596926533156712,0.0098832762057668
HRP,Historical,181,0.0001975186554863116,0.009724422606529502
MVP,GARCH,181,3.721754870854729e-05,0.00796166506337961
MVP,Historical,181,7.251165599627447e-05,0.008140792136606567
ERC,GARCH,181,-0.0001547326912422787,0.011127191816936347
ERC,Historical,181,-0.00015631151570908992,0.010548653454024693
Naive,N/A,181,-0.0005548016880883338,0.011634444483403257
HRP,GARCH,182,0.0007609402576526333,0.010170580498507938
HRP,Historical,182,0.0008705392642092164,0.00974257009543896
MVP,GARCH,182,-0.0016572327863534839,0.008236692782043096
MVP,Historical,182,-0.0011020054514554848,0.008156758962688873
ERC,GARCH,182,0.0015123887221465983,0.01126213655095791
ERC,Historical,182,0.0015735817665099797,0.010742363509290241
Naive,N/A,182,0.002468828849459834,0.011922824022103843
HRP,GARCH,183,-0.0014802614328206071,0.00934087455687072
HRP,Historical,183,-0.0015616930199269107,0.009782643092014426
MVP,GARCH,183,-0.0014539300668826994,0.007619727686947101
MVP,Historical,183,-0.0014728088691565533,0.008162365680238084
ERC,GARCH,183,-0.0014249429794206895,0.010431908833979452
ERC,Historical,183,-0.0014767863071894417,0.010722330683659185
Naive,N/A,183,-0.0014388139905752214,0.011899207756097069
HRP,GARCH,184,0.0005300839141955978,0.009063752056194337
HRP,Historical,184,0.00048217974530592256,0.009697295473058677
MVP,GARCH,184,0.0018044118494865897,0.007522492378782365
MVP,Historical,184,0.0016726658033966075,0.008099321333131959
ERC,GARCH,184,0.0002572376902136509,0.009941173991238861
ERC,Historical,184,0.00023823648673740002,0.01067862164664386
Naive,N/A,184,-0.00013251533114423743,0.011822725967699272
HRP,GARCH,185,-0.0003463192189673615,0.009143333000929933
HRP,Historical,185,-0.0003710313741030465,0.009806232491999276
MVP,GARCH,185,3.078004209566472e-05,0.007590898053887165
MVP,Historical,185,0.00031920719677280753,0.00821854129712752
ERC,GARCH,185,-0.0004708614053465495,0.010143923577623759
ERC,Historical,185,-0.0005011272243697294,0.010840509153836358
Naive,N/A,185,-0.0006999183247353718,0.012003296253687871
HRP,GARCH,186,-0.00014133745506843804,0.008726460106280334
HRP,Historical,186,-0.00023893846873833407,0.009803325644485989
MVP,GARCH,186,-0.000972175465007436,0.006950991781154668
MVP,Historical,186,-0.0012498614711378075,0.008185887110575357
ERC,GARCH,186,0.0004934441608172508,0.009761278870142446
ERC,Historical,186,0.000435960007739214,0.01083204295561782
Naive,N/A,186,0.0011263434103196536,0.011996014212992635
HRP,GARCH,187,0.001708690522125659,0.008943608893502526
HRP,Historical,187,0.001714573409008171,0.009802843883501626
MVP,GARCH,187,0.001072489257075417,0.0071670863944677385
MVP,Historical,187,0.0006217242305087496,0.008188447745916837
ERC,GARCH,187,0.0019900720820125186,0.010099463001396306
ERC,Historical,187,0.0020067622485626254,0.010888033439588081
Naive,N/A,187,0.002284127731151015,0.012086875223924133
HRP,GARCH,188,0.0006843195111420301,0.00815152018002513
HRP,Historical,188,0.0007091642593097707,0.009829571624742508
MVP,GARCH,188,0.0004505035765742508,0.006592185290927638
MVP,Historical,188,0.0006417522031305315,0.008188296566762414
ERC,GARCH,188,0.0007342617947781511,0.009091949465960467
ERC,Historical,188,0.0007358763598637319,0.010860107256156576
Naive,N/A,188,0.0006817663633294783,0.012047972763475103
HRP,GARCH,189,-0.00037868193338360637,0.007894892412536627
HRP,Historical,189,-0.00032423698407376756,0.009893911069732253
MVP,GARCH,189,-4.477906097395798e-05,0.006359975982913543
MVP,Historical,189,6.619819624287045e-06,0.00818785617420974
ERC,GARCH,189,-0.0004021094746049878,0.008919311656224458
ERC,Historical,189,-0.0004080069275557564,0.010854077360434413
Naive,N/A,189,-0.0004879043097683481,0.012057237906809588
HRP,GARCH,190,-0.0019124225972893601,0.0077234591015440815
HRP,Historical,190,-0.0019003101624455012,0.009938845886617278
MVP,GARCH,190,-0.0014123299114799132,0.006167131195885591
MVP,Historical,190,-0.0016563156051330127,0.008154414995508267
ERC,GARCH,190,-0.002063175244772928,0.008381106745905254
ERC,Historical,190,-0.0020619434142209736,0.010827319836066957
Naive,N/A,190,-0.0022364249745644668,0.012046031931241674
HRP,GARCH,191,-0.0012321232614088472,0.007869557188048647
HRP,Historical,191,-0.0011927114260176803,0.010034180559481189
MVP,GARCH,191,-0.0003426667557877696,0.006062429766503245
MVP,Historical,191,-0.0011909032621183354,0.008128305204516132
ERC,GARCH,191,-0.001604620959737863,0.00840636095968349
ERC,Historical,191,-0.0015682602149225148,0.010815631830202524
Naive,N/A,191,-0.0020813010429601687,0.012035544412063311
HRP,GARCH,192,0.0030581832921369573,0.009025474112597569
HRP,Historical,192,0.0030230268024473727,0.01023389851653927
MVP,GARCH,192,0.0007707331207525289,0.006870059396779456
MVP,Historical,192,0.0014623058191631016,0.008232576333268389
ERC,GARCH,192,0.0033764072551481453,0.009500913980862318
ERC,Historical,192,0.003366882943889825,0.010915387699307581
Naive,N/A,192,0.003926267105908071,0.01214505362131462
HRP,GARCH,193,0.0021642388819207593,0.008289489781685637
HRP,Historical,193,0.0022055184756561617,0.009746895664357968
MVP,GARCH,193,0.001007255340115833,0.006893576622248238
MVP,Historical,193,0.0016947086542084832,0.008126688262976628
ERC,GARCH,193,0.002706156508421751,0.009089548168451474
ERC,Historical,193,0.0027335281680632723,0.01079289668865504
Naive,N/A,193,0.003321883939619757,0.012032567814957018
HRP,GARCH,194,5.637904655500502e-05,0.00818421305645269
HRP,Historical,194,-2.1863447996226617e-05,0.00980725796278549
MVP,GARCH,194,0.0014012441715512472,0.0066808721639574405
MVP,Historical,194,0.0003592820147602929,0.008204475841417553
ERC,GARCH,194,-0.00026233920830164546,0.008554558275047154
ERC,Historical,194,-0.0003213022129764137,0.010836898278412305
Naive,N/A,194,-0.0008500269148208767,0.012058297178802366
HRP,GARCH,195,0.0017537954453910644,0.007509894338507485
HRP,Historical,195,0.0013270755193455356,0.009800351628595933
MVP,GARCH,195,0.00306788748417615,0.005905282298294596
MVP,Historical,195,0.0011745569514026851,0.008158169837781103
ERC,GARCH,195,0.0017505119161201899,0.007908871933611178
ERC,Historical,195,0.001559653487689795,0.010682496451667725
Naive,N/A,195,0.0016762442488863173,0.011825133683934836
HRP,GARCH,196,0.0011401087342737147,0.007823275839788979
HRP,Historical,196,0.001169171348242927,0.009601632027230354
MVP,GARCH,196,0.0004884542706421397,0.006242909828069896
MVP,Historical,196,0.0007293824062435709,0.007954550550738477
ERC,GARCH,196,0.0011857961288370409,0.008402107702928135
ERC,Historical,196,0.0011912290347362115,0.01044621556634731
Naive,N/A,196,0.0012187691645661925,0.011575232010676935
HRP,GARCH,197,-0.0009248584029856214,0.006700356334342036
HRP,Historical,197,-0.0009990296320679457,0.009553824942675699
MVP,GARCH,197,-0.0002537868523960302,0.005516858262393043
MVP,Historical,197,-0.0011487531523350868,0.007854495017628107
ERC,GARCH,197,-0.0009732160401049192,0.007177553292337651
ERC,Historical,197,-0.0009987716229045126,0.010377784601906265
Naive,N/A,197,-0.00112898520065931,0.011500312864993525
HRP,GARCH,198,0.001120114564948344,0.0068846566965925496
HRP,Historical,198,0.0017056328577559697,0.00914212974442014
MVP,GARCH,198,0.0001717162822518455,0.0057003126479779394
MVP,Historical,198,0.0022838596789661403,0.007604257964733176
ERC,GARCH,198,0.001394867352211401,0.007424315577145886
ERC,Historical,198,0.0017063144749807067,0.009890146440863081
Naive,N/A,198,0.001898700435352234,0.010886819334488712
HRP,GARCH,199,-0.00042029847421091353,0.006631702863793658
HRP,Historical,199,-0.0004384280441345163,0.008546574960547235
MVP,GARCH,199,3.04214651953307e-05,0.0053491748305263195
MVP,Historical,199,-0.0005479005696959712,0.007136802467785634
ERC,GARCH,199,-0.0004059876581773743,0.007157136278929212
ERC,Historical,199,-0.00039027782788064437,0.009298843804281186
Naive,N/A,199,-0.0003706166504854053,0.010281757487062348
HRP,GARCH,200,0.0013142370426236219,0.006619603455357096
HRP,Historical,200,0.001470725830673528,0.00829526835704157
MVP,GARCH,200,0.0010210093214486342,0.005544042479202305
MVP,Historical,200,0.0015461139925650041,0.0069130640662864945
ERC,GARCH,200,0.0013040358539736275,0.007053177689078477
ERC,Historical,200,0.0013718970890065673,0.009015524147746942
Naive,N/A,200,0.00136672229308403,0.009967941775558667
HRP,GARCH,201,0.0011366082719862004,0.006833531960350055
HRP,Historical,201,0.001160320824578543,0.008102585260582664
MVP,GARCH,201,0.0013595944817842635,0.005770660675740684
MVP,Historical,201,0.0013563252363312593,0.0068795160904877506
ERC,GARCH,201,0.0009673331104178369,0.007495577351837457
ERC,Historical,201,0.0009834418626420089,0.008845314295206665
Naive,N/A,201,0.0008408824044452104,0.009726732285767028
HRP,GARCH,202,0.0012955419413272747,0.007201516872115738
HRP,Historical,202,0.0012747870413451188,0.008109074704461419
MVP,GARCH,202,0.0011975480188249972,0.006095028300423204
MVP,Historical,202,0.0011544870248059234,0.0068187342489395755
ERC,GARCH,202,0.0012013952808214083,0.007876418125890454
ERC,Historical,202,0.0011695189661590092,0.008757884507102269
Naive,N/A,202,0.0011013108270183341,0.009692358270251058
HRP,GARCH,203,0.0007168287280422251,0.006814141148788636
HRP,Historical,203,0.0006805485161306113,0.007424590361067441
MVP,GARCH,203,-4.684083508264955e-05,0.005945214010329936
MVP,Historical,203,-0.00014911061849000407,0.0063554200117967525
ERC,GARCH,203,0.0008877792275454871,0.007394688873308245
ERC,Historical,203,0.0008709469792490155,0.008098470703384462
Naive,N/A,203,0.000905898910914418,0.009100900706604978
HRP,GARCH,204,0.0005234147048527435,0.006538215586365827
HRP,Historical,204,0.0005587770356449021,0.006910484794059254
MVP,GARCH,204,-0.00018885104616811642,0.005703133395372874
MVP,Historical,204,-0.0001285568965310902,0.005941098700177887
ERC,GARCH,204,0.0007246936388002119,0.007082103385510839
ERC,Historical,204,0.0007242392406368504,0.0075786662524505
Naive,N/A,204,0.0010071423205127695,0.008627814964755174
HRP,GARCH,205,0.0003450654352018014,0.006632472794850066
HRP,Historical,205,0.0003972741620633074,0.006664037813745969
MVP,GARCH,205,0.0005850444754819439,0.005679207091035425
MVP,Historical,205,0.0005576199800627212,0.005744847683745228
ERC,GARCH,205,0.0003503070080242168,0.007188772289321313
ERC,Historical,205,0.00041205859936378937,0.0071887544283798606
Naive,N/A,205,0.0006111745348310009,0.008168341852554358
HRP,GARCH,206,-0.0019805252362873776,0.006253990721839966
HRP,Historical,206,-0.001962501272518011,0.006377991863618692
MVP,GARCH,206,-0.0019453227851312209,0.005441014056494048
MVP,Historical,206,-0.002003037204942422,0.005554770248202732
ERC,GARCH,206,-0.002000241406270566,0.006731955331482285
ERC,Historical,206,-0.0019928147321192705,0.006899698110942675
Naive,N/A,206,-0.0020573793398067745,0.007869074018418376
HRP,GARCH,207,0.0025830822660242387,0.0063875828132681665
HRP,Historical,207,0.0025553040715774584,0.006355647679876193
MVP,GARCH,207,0.002671703000787399,0.005591777390481421
MVP,Historical,207,0.0027157305733852854,0.0055449759287831985
ERC,GARCH,207,0.002164024478770302,0.006915639746610892
ERC,Historical,207,0.002137093206955596,0.006901393079751972
Naive,N/A,207,0.0017027438740137076,0.007846751600333856
HRP,GARCH,208,-0.002488708452308381,0.006381950869722167
HRP,Historical,208,-0.0025317979248697304,0.006257316458288535
MVP,GARCH,208,-0.0015714266160279876,0.0056164560400223116
MVP,Historical,208,-0.0016021312558956913,0.005475748053297043
ERC,GARCH,208,-0.0026515354680139687,0.006815749210812274
ERC,Historical,208,-0.002684326621417884,0.0067871323484948575
Naive,N/A,208,-0.003268919797094407,0.007731550246522992
HRP,GARCH,209,-0.001845949884717295,0.006664034942645084
HRP,Historical,209,-0.0015983670915552138,0.006192938526695632
MVP,GARCH,209,-0.0023360153371825816,0.005821281668928863
MVP,Historical,209,-0.0016127427443109956,0.005432339742753171
ERC,GARCH,209,-0.0018841990352189638,0.007155303097659793
ERC,Historical,209,-0.0017908319078266267,0.006691253714632525
Naive,N/A,209,-0.0020045499812624606,0.007632730248297796
HRP,GARCH,210,0.0022939140098083496,0.010878218502851303
HRP,Historical,210,0.0023747943487611952,0.007355908204761261
MVP,GARCH,210,0.0018434497941094215,0.00889292061203757
MVP,Historical,210,0.001529061419700768,0.0065049844690157595
ERC,GARCH,210,0.0027929757314471134,0.013249226798387647
ERC,Historical,210,0.00291007426821921,0.008079497482793206
Naive,N/A,210,0.0035769002581428045,0.009155311969205963
HRP,GARCH,211,0.0011517948074373865,0.008128770835849206
HRP,Historical,211,0.0011586486083538486,0.007499992053370075
MVP,GARCH,211,0.0006286922012207136,0.0068627333792110595
MVP,Historical,211,0.0005962418663629064,0.006640653225534343
ERC,GARCH,211,0.0014735677745197537,0.008820779725910345
ERC,Historical,211,0.0014577168184487055,0.008201539979418412
Naive,N/A,211,0.0018693582699983804,0.009262633519855606
HRP,GARCH,212,0.0009000266371543148,0.007590869351832977
HRP,Historical,212,0.0008346426071546977,0.007892303590461804
MVP,GARCH,212,0.000496668904325039,0.0063386445452245695
MVP,Historical,212,0.00028065850821798124,0.00673454074038337
ERC,GARCH,212,0.0010578650188029514,0.008028710379713524
ERC,Historical,212,0.0010161011535018227,0.008292390232361026
Naive,N/A,212,0.001336794048238252,0.009369522680397592
HRP,GARCH,213,-7.576757876779536e-05,0.007512585447968457
HRP,Historical,213,-0.00010723430655500487,0.00783238580558684
MVP,GARCH,213,-0.00039293529577867387,0.006366921833577696
MVP,Historical,213,-0.0004802248962536118,0.006737567495130246
ERC,GARCH,213,-0.00013474843253344894,0.008061219144680914
ERC,Historical,213,-0.00015856143824271297,0.008331556122559087
Naive,N/A,213,-1.7349122761716965e-07,0.00939386985402996
HRP,GARCH,214,0.0014100849990671177,0.0079025609411039
HRP,Historical,214,0.0014578308951161145,0.007750211624365598
MVP,GARCH,214,0.0006639880844387103,0.006733037448489795
MVP,Historical,214,0.0010980936821941801,0.006737333477018544
ERC,GARCH,214,0.001514835389612923,0.008462895119823581
ERC,Historical,214,0.0015444105565837057,0.008328850478640659
Naive,N/A,214,0.001753915772311261,0.009378831631154582
HRP,GARCH,215,0.0005170031539519148,0.0072381231726250175
HRP,Historical,215,0.0004416046031295587,0.007698086476086372
MVP,GARCH,215,6.295147244904191e-05,0.006218240311468513
MVP,Historical,215,-0.00017818355741685724,0.006697724822822696
ERC,GARCH,215,0.0006182934775935472,0.007783860956524811
ERC,Historical,215,0.0005648640369650908,0.00827341617584639
Naive,N/A,215,0.001085656415651055,0.009343054071061107
HRP,GARCH,216,-0.0015130814356107772,0.006963028366393598
HRP,Historical,216,-0.0015066542062919816,0.0074091500103395614
MVP,GARCH,216,-0.001306412472805839,0.006052671224761514
MVP,Historical,216,-0.0014965730984715369,0.006554822508025864
ERC,GARCH,216,-0.0013135453428184893,0.00757481916471039
ERC,Historical,216,-0.001332986170791741,0.00811579718390539
Naive,N/A,216,-0.0010156506111473405,0.00916501412057315
HRP,GARCH,217,0.0011103834038362578,0.007360162499682431
HRP,Historical,217,0.0010377126188067965,0.007378838536811001
MVP,GARCH,217,0.0009803088904546252,0.0064964279344725765
MVP,Historical,217,0.0009560595676825623,0.006583638571336282
ERC,GARCH,217,0.0007498483971936169,0.008069024123900618
ERC,Historical,217,0.0006961321684440304,0.008097981142655405
Naive,N/A,217,0.00038228869914664736,0.00913269276446981
HRP,GARCH,218,0.0002685998202422994,0.007593521606160061
HRP,Historical,218,0.00025555186718808503,0.007587569247721646
MVP,GARCH,218,-0.00022279128128392935,0.0064761987361719635
MVP,Historical,218,-0.00031308378947337336,0.006530407630615115
ERC,GARCH,218,0.0003679728774363902,0.008033746046211406
ERC,Historical,218,0.0003630953948469121,0.00807638171301401
Naive,N/A,218,0.0004894422528806936,0.009138808447589705
HRP,GARCH,219,0.0015933944651649657,0.006992740141702367
HRP,Historical,219,0.0016196428092757095,0.007555642306089389
MVP,GARCH,219,0.0013596179103761447,0.005809852896790572
MVP,Historical,219,0.0015409575367182381,0.006472141793834417
ERC,GARCH,219,0.0015535491058975156,0.007474899418338343
ERC,Historical,219,0.0015725494204280814,0.008058268247050795
Naive,N/A,219,0.0015024481377907558,0.009128965074112547
HRP,GARCH,220,0.002433492800977074,0.007221718745085814
HRP,Historical,220,0.0024612538419641174,0.007312144890159595
MVP,GARCH,220,0.0033243120998758154,0.006402359947315306
MVP,Historical,220,0.0027697759449532484,0.006412287484397448
ERC,GARCH,220,0.001774282197698586,0.007818270752100485
ERC,Historical,220,0.0017872081422677876,0.008003380602072048
Naive,N/A,220,0.0010477466731901278,0.009074432841665609
HRP,GARCH,221,-0.003340523216714824,0.007386521261137392
HRP,Historical,221,-0.0033004030828892037,0.007393602851568816
MVP,GARCH,221,-0.0039700893274836726,0.006471159714233151
MVP,Historical,221,-0.0038222522198126637,0.006452898441211041
ERC,GARCH,221,-0.0035321325537041276,0.008015972601950076
ERC,Historical,221,-0.0035021529201678093,0.008039534345908114
Naive,N/A,221,-0.0035778144517665017,0.009123851231982479
HRP,GARCH,222,0.0015638676677010614,0.007547514666430833
HRP,Historical,222,0.0016500932827840718,0.007453990767773957
MVP,GARCH,222,0.001006131695879318,0.006775275181273384
MVP,Historical,222,0.0019026838493239318,0.0065154590882592345
ERC,GARCH,222,0.002318480083870156,0.008214194069899195
ERC,Historical,222,0.0023855819684001113,0.00810848021809108
Naive,N/A,222,0.0029775970664970264,0.00919318421788359
