Date,.TRXFLUSDPT11
2006-06-01,96.610181
2006-06-02,96.610607
2006-06-05,94.081352
2006-06-06,93.473176
2006-06-07,91.482059
2006-06-08,90.684988
2006-06-09,90.175511
2006-06-12,88.031332
2006-06-13,87.617033
2006-06-14,89.289059
2006-06-15,92.599285
2006-06-16,91.764239
2006-06-19,91.06431
2006-06-20,90.731012
2006-06-21,92.536908
2006-06-22,91.386067
2006-06-23,90.490504
2006-06-26,91.340017
2006-06-27,89.287896
2006-06-28,89.875592
2006-06-29,93.098077
2006-06-30,92.463451
2006-07-03,93.605542
2006-07-04,93.605542
2006-07-05,90.825095
2006-07-06,90.781817
2006-07-07,89.105585
2006-07-10,87.193404
2006-07-11,89.530553
2006-07-12,86.799317
2006-07-13,85.536322
2006-07-14,85.814196
2006-07-17,85.344168
2006-07-18,85.611637
2006-07-19,87.293471
2006-07-20,83.528669
2006-07-21,80.694721
2006-07-24,82.696108
2006-07-25,83.700075
2006-07-26,83.902331
2006-07-27,84.063118
2006-07-28,86.502647
2006-07-31,86.409915
2006-08-01,84.495213
2006-08-02,85.139915
2006-08-03,86.013985
2006-08-04,85.617914
2006-08-07,85.012173
2006-08-08,84.898927
2006-08-09,85.270683
2006-08-10,86.609434
2006-08-11,84.419236
2006-08-14,85.781957
2006-08-15,88.56938
2006-08-16,91.551285
2006-08-17,91.696129
2006-08-18,91.507226
2006-08-21,89.976776
2006-08-22,90.089435
2006-08-23,89.585705
2006-08-24,90.163993
2006-08-25,90.508652
2006-08-28,91.916076
2006-08-29,93.42728
2006-08-30,94.934657
2006-08-31,94.105695
2006-09-01,93.657911
2006-09-04,93.657911
2006-09-05,94.740949
2006-09-06,91.584169
2006-09-07,91.02566
2006-09-08,91.818918
2006-09-11,92.461028
2006-09-12,95.357382
2006-09-13,95.31332
2006-09-14,95.221187
2006-09-15,94.79188
2006-09-18,95.839521
2006-09-19,94.333463
2006-09-20,95.041018
2006-09-21,93.148097
2006-09-22,92.457935
2006-09-25,94.817519
2006-09-26,95.428768
2006-09-27,95.937052
2006-09-28,96.944841
2006-09-29,95.941343
2006-10-02,94.966149
2006-10-03,94.498982
2006-10-04,96.144594
2006-10-05,95.912061
2006-10-06,95.213646
2006-10-09,95.905269
2006-10-10,95.969995
2006-10-11,96.947664
2006-10-12,98.489007
2006-10-13,99.706188
2006-10-16,100.359373
2006-10-17,97.722384
2006-10-18,96.126677
2006-10-19,95.597664
2006-10-20,95.403072
2006-10-23,95.825496
2006-10-24,95.079072
2006-10-25,96.606992
2006-10-26,97.666344
2006-10-27,94.934596
2006-10-30,95.824887
2006-10-31,96.216482
2006-11-01,94.758453
2006-11-02,94.00944
2006-11-03,94.108578
2006-11-06,95.600904
2006-11-07,96.528258
2006-11-08,96.315586
2006-11-09,94.794065
2006-11-10,95.718495
2006-11-13,97.442053
2006-11-14,100.480278
2006-11-15,101.345592
2006-11-16,101.412421
2006-11-17,100.607986
2006-11-20,101.653125
2006-11-21,99.88688
2006-11-22,100.987951
2006-11-23,100.987951
2006-11-24,100.608203
2006-11-27,97.330668
2006-11-28,97.348404
2006-11-29,97.514943
2006-11-30,98.294914
2006-12-01,96.855162
2006-12-04,98.636307
2006-12-05,98.866981
2006-12-06,98.791373
2006-12-07,97.508305
2006-12-08,97.336718
2006-12-11,97.166811
2006-12-12,96.858908
2006-12-13,96.177522
2006-12-14,97.496494
2006-12-15,97.731624
2006-12-18,97.349574
2006-12-19,96.211049
2006-12-20,96.459189
2006-12-21,95.104
2006-12-22,94.27998
2006-12-25,94.27998
2006-12-26,94.796242
2006-12-27,95.638398
2006-12-28,95.566931
2006-12-29,94.987989
2007-01-01,95.014391
2007-01-02,95.014391
2007-01-03,95.012856
2007-01-04,97.410215
2007-01-05,96.278757
2007-01-08,96.494529
2007-01-09,96.864632
2007-01-10,98.624685
2007-01-11,99.428931
2007-01-12,99.852221
2007-01-15,99.852221
2007-01-16,99.452055
2007-01-17,97.276611
2007-01-18,94.010704
2007-01-19,94.585297
2007-01-22,94.012172
2007-01-23,93.804522
2007-01-24,95.255463
2007-01-25,94.516756
2007-01-26,95.570043
2007-01-29,95.63529
2007-01-30,95.646633
2007-01-31,95.56722
2007-02-01,96.459206
2007-02-02,97.049911
2007-02-05,97.274408
2007-02-06,97.133003
2007-02-07,98.304269
2007-02-08,97.843947
2007-02-09,96.563424
2007-02-12,95.526858
2007-02-13,96.006845
2007-02-14,97.637652
2007-02-15,98.351352
2007-02-16,98.104843
2007-02-19,98.104843
2007-02-20,98.212921
2007-02-21,97.847187
2007-02-22,99.687641
2007-02-23,99.737498
2007-02-26,99.690796
2007-02-27,96.135202
2007-02-28,95.921202
2007-03-01,95.060875
2007-03-02,93.210237
2007-03-05,92.520002
2007-03-06,94.337299
2007-03-07,93.564508
2007-03-08,94.688803
2007-03-09,95.04791
2007-03-12,96.082443
2007-03-13,94.111416
2007-03-14,94.511674
2007-03-15,94.510765
2007-03-16,94.025602
2007-03-19,93.702947
2007-03-20,93.899707
2007-03-21,95.730815
2007-03-22,94.699068
2007-03-23,95.053336
2007-03-26,95.005601
2007-03-27,94.448583
2007-03-28,93.119537
2007-03-29,92.703104
2007-03-30,93.027762
2007-04-02,92.783731
2007-04-03,93.412173
2007-04-04,94.236088
2007-04-05,95.073801
2007-04-06,95.073801
2007-04-09,95.453092
2007-04-10,96.800529
2007-04-11,95.936651
2007-04-12,96.55655
2007-04-13,96.392932
2007-04-16,97.376847
2007-04-17,97.614785
2007-04-18,99.317848
2007-04-19,100.582028
2007-04-20,101.06684
2007-04-23,100.385347
2007-04-24,102.513893
2007-04-25,103.63401
2007-04-26,103.476813
2007-04-27,102.428481
2007-04-30,100.588445
2007-05-01,101.248605
2007-05-02,102.264656
2007-05-03,102.238401
2007-05-04,102.978109
2007-05-07,102.680749
2007-05-08,102.805283
2007-05-09,104.721085
2007-05-10,102.986201
2007-05-11,104.108717
2007-05-14,103.771123
2007-05-15,102.610456
2007-05-16,102.834413
2007-05-17,101.984457
2007-05-18,102.703226
2007-05-21,102.637654
2007-05-22,103.496263
2007-05-23,102.115832
2007-05-24,99.885867
2007-05-25,100.693938
2007-05-28,100.693938
2007-05-29,101.288312
2007-05-30,100.788454
2007-05-31,101.98363
2007-06-01,102.880635
2007-06-04,102.579998
2007-06-05,101.778656
2007-06-06,100.406094
2007-06-07,98.783842
2007-06-08,101.319814
2007-06-11,101.074886
2007-06-12,100.760761
2007-06-13,102.537688
2007-06-14,104.321406
2007-06-15,106.646899
2007-06-18,106.601699
2007-06-19,106.013296
2007-06-20,105.324322
2007-06-21,107.770934
2007-06-22,106.046252
2007-06-25,104.807517
2007-06-26,104.219575
2007-06-27,106.381802
2007-06-28,105.888993
2007-06-29,105.226144
2007-07-02,106.960551
2007-07-03,107.586584
2007-07-04,107.586584
2007-07-05,107.791704
2007-07-06,108.468573
2007-07-09,109.299484
2007-07-10,108.806847
2007-07-11,108.218527
2007-07-12,111.950665
2007-07-13,111.754232
2007-07-16,112.023421
2007-07-17,113.792831
2007-07-18,110.902284
2007-07-19,111.753051
2007-07-20,109.86541
2007-07-23,110.083278
2007-07-24,108.035261
2007-07-25,108.260406
2007-07-26,106.225636
2007-07-27,104.42781
2007-07-30,106.096922
2007-07-31,104.653966
2007-08-01,105.153692
2007-08-02,105.712336
2007-08-03,102.764801
2007-08-06,103.717651
2007-08-07,103.606999
2007-08-08,105.918173
2007-08-09,103.927554
2007-08-10,103.85899
2007-08-13,103.738812
2007-08-14,102.526682
2007-08-15,100.070001
2007-08-16,99.802878
2007-08-17,101.997794
2007-08-20,103.119127
2007-08-21,103.286117
2007-08-22,104.256798
2007-08-23,103.904388
2007-08-24,105.551748
2007-08-27,104.339908
2007-08-28,101.773286
2007-08-29,105.361079
2007-08-30,105.639743
2007-08-31,107.582399
2007-09-03,107.582473
2007-09-04,109.424578
2007-09-05,108.574975
2007-09-06,109.344724
2007-09-07,106.669882
2007-09-10,106.620798
2007-09-11,108.057231
2007-09-12,106.591796
2007-09-13,106.358908
2007-09-14,105.357668
2007-09-17,104.950796
2007-09-18,107.726305
2007-09-19,108.335316
2007-09-20,108.596557
2007-09-21,109.184666
2007-09-24,109.144308
2007-09-25,109.507317
2007-09-26,109.304379
2007-09-27,109.460707
2007-09-28,109.160276
2007-10-01,110.90699
2007-10-02,111.06444
2007-10-03,108.857063
2007-10-04,108.477671
2007-10-05,109.598277
2007-10-08,109.80444
2007-10-09,109.545662
2007-10-10,109.468957
2007-10-11,107.196007
2007-10-12,108.434738
2007-10-15,108.391704
2007-10-16,107.992929
2007-10-17,111.050544
2007-10-18,111.200387
2007-10-19,108.026095
2007-10-22,109.366334
2007-10-23,109.336778
2007-10-24,106.339951
2007-10-25,104.043265
2007-10-26,104.761151
2007-10-29,105.902661
2007-10-30,105.960076
2007-10-31,107.712456
2007-11-01,105.773816
2007-11-02,106.644884
2007-11-05,106.145195
2007-11-06,108.359415
2007-11-07,105.769269
2007-11-08,103.538984
2007-11-09,101.661347
2007-11-12,100.144836
2007-11-13,102.966111
2007-11-14,101.886532
2007-11-15,101.008307
2007-11-16,101.177058
2007-11-19,99.139582
2007-11-20,98.797025
2007-11-21,96.740491
2007-11-22,96.740491
2007-11-23,98.246176
2007-11-26,95.656799
2007-11-27,97.746432
2007-11-28,101.483128
2007-11-29,101.798726
2007-11-30,100.644705
2007-12-03,100.564325
2007-12-04,100.34132
2007-12-05,103.41133
2007-12-06,105.387178
2007-12-07,104.964131
2007-12-10,105.64828
2007-12-11,103.425797
2007-12-12,104.649206
2007-12-13,103.992932
2007-12-14,102.270577
2007-12-17,100.20375
2007-12-18,100.927547
2007-12-19,101.519714
2007-12-20,103.079208
2007-12-21,104.056011
2007-12-24,105.279369
2007-12-25,105.279369
2007-12-26,105.646772
2007-12-27,103.469493
2007-12-28,103.170715
2007-12-31,102.662106
2008-01-01,102.662106
2008-01-02,99.06585
2008-01-03,97.407793
2008-01-04,91.588334
2008-01-07,90.675175
2008-01-08,88.404591
2008-01-09,89.515714
2008-01-10,89.43478
2008-01-11,86.893775
2008-01-14,90.028543
2008-01-15,87.286185
2008-01-16,82.851903
2008-01-17,80.912873
2008-01-18,81.387504
2008-01-21,81.387504
2008-01-22,79.745587
2008-01-23,82.910826
2008-01-24,85.15627
2008-01-25,83.287802
2008-01-28,84.367837
2008-01-29,84.782765
2008-01-30,85.327409
2008-01-31,85.353106
2008-02-01,88.492169
2008-02-04,86.764194
2008-02-05,82.666925
2008-02-06,81.326424
2008-02-07,82.0287
2008-02-08,82.599889
2008-02-11,84.380081
2008-02-12,84.446734
2008-02-13,86.862793
2008-02-14,83.845654
2008-02-15,82.50352
2008-02-18,82.50352
2008-02-19,82.025499
2008-02-20,83.359098
2008-02-21,82.930686
2008-02-22,82.539467
2008-02-25,83.308823
2008-02-26,85.150909
2008-02-27,85.668172
2008-02-28,84.010612
2008-02-29,81.6146
2008-03-03,81.466525
2008-03-04,81.706478
2008-03-05,82.609757
2008-03-06,80.606555
2008-03-07,80.784288
2008-03-10,80.194068
2008-03-11,83.015426
2008-03-12,82.670619
2008-03-13,83.867473
2008-03-14,81.369356
2008-03-17,81.385455
2008-03-18,84.796132
2008-03-19,81.545108
2008-03-20,83.401386
2008-03-21,83.401386
2008-03-24,85.674953
2008-03-25,86.164528
2008-03-26,84.830987
2008-03-27,82.457719
2008-03-28,81.54466
2008-03-31,82.375801
2008-04-01,85.485578
2008-04-02,85.680926
2008-04-03,86.483213
2008-04-04,86.533
2008-04-07,85.911032
2008-04-08,83.920022
2008-04-09,84.712491
2008-04-10,86.869105
2008-04-11,83.695847
2008-04-14,82.07809
2008-04-15,82.525319
2008-04-16,86.215313
2008-04-17,85.427493
2008-04-18,87.29959
2008-04-21,87.818964
2008-04-22,85.502691
2008-04-23,87.710249
2008-04-24,88.99585
2008-04-25,88.247223
2008-04-28,88.013909
2008-04-29,88.253393
2008-04-30,86.77724
2008-05-01,90.02554
2008-05-02,90.429779
2008-05-05,89.239599
2008-05-06,90.507654
2008-05-07,89.443012
2008-05-08,89.967898
2008-05-09,89.840373
2008-05-12,91.032471
2008-05-13,91.422388
2008-05-14,92.267971
2008-05-15,95.14815
2008-05-16,95.49442
2008-05-19,95.138769
2008-05-20,92.705805
2008-05-21,91.305286
2008-05-22,91.844148
2008-05-23,90.74901
2008-05-26,90.74901
2008-05-27,92.062254
2008-05-28,92.126153
2008-05-29,91.520262
2008-05-30,92.698465
2008-06-02,92.063062
2008-06-03,90.972383
2008-06-04,92.507839
2008-06-05,93.904107
2008-06-06,90.982733
2008-06-09,90.287047
2008-06-10,88.941885
2008-06-11,86.162855
2008-06-12,86.792552
2008-06-13,89.141648
2008-06-16,90.414752
2008-06-17,89.235956
2008-06-18,87.735251
2008-06-19,89.916717
2008-06-20,87.97092
2008-06-23,87.200027
2008-06-24,87.385084
2008-06-25,88.912387
2008-06-26,84.925936
2008-06-27,84.514112
2008-06-30,83.751119
2008-07-01,83.57011
2008-07-02,81.244177
2008-07-03,79.722405
2008-07-04,79.722405
2008-07-07,80.017845
2008-07-08,80.57692
2008-07-09,77.109917
2008-07-10,78.951059
2008-07-11,78.699414
2008-07-14,77.917653
2008-07-15,78.681229
2008-07-16,80.634726
2008-07-17,83.280392
2008-07-18,82.954685
2008-07-21,82.539641
2008-07-22,80.519452
2008-07-23,81.335969
2008-07-24,77.975449
2008-07-25,78.267099
2008-07-28,77.113023
2008-07-29,79.073414
2008-07-30,79.430364
2008-07-31,79.151477
2008-08-01,79.029753
2008-08-04,79.203533
2008-08-05,80.986334
2008-08-06,81.275484
2008-08-07,82.858212
2008-08-08,84.660658
2008-08-11,85.843152
2008-08-12,85.980198
2008-08-13,85.769266
2008-08-14,86.571243
2008-08-15,86.589208
2008-08-18,85.439261
2008-08-19,83.995124
2008-08-20,83.628791
2008-08-21,82.960873
2008-08-22,84.168029
2008-08-25,82.551109
2008-08-26,82.237409
2008-08-27,83.070916
2008-08-28,83.87493
2008-08-29,81.834619
2008-09-01,81.84152
2008-09-02,80.757569
2008-09-03,77.16031
2008-09-04,74.154119
2008-09-05,74.827297
2008-09-08,75.094471
2008-09-09,72.207204
2008-09-10,72.393949
2008-09-11,72.491501
2008-09-12,72.391713
2008-09-15,69.621104
2008-09-16,70.400396
2008-09-17,67.616471
2008-09-18,70.513379
2008-09-19,71.707063
2008-09-22,68.731711
2008-09-23,68.173023
2008-09-24,68.59643
2008-09-25,69.186407
2008-09-26,70.040932
2008-09-29,63.464617
2008-09-30,67.028993
2008-10-01,66.333983
2008-10-02,62.117863
2008-10-03,61.89575
2008-10-06,59.9686
2008-10-07,56.029693
2008-10-08,56.184933
2008-10-09,54.41803
2008-10-10,53.70931
2008-10-13,59.394247
2008-10-14,56.323676
2008-10-15,51.653065
2008-10-16,54.533229
2008-10-17,53.533639
2008-10-20,55.341732
2008-10-21,52.434904
2008-10-22,50.309413
2008-10-23,49.627993
2008-10-24,48.979019
2008-10-27,48.948136
2008-10-28,53.74183
2008-10-29,51.744552
2008-10-30,54.720719
2008-10-31,55.240691
2008-11-03,54.568669
2008-11-04,56.710276
2008-11-05,53.139602
2008-11-06,49.064551
2008-11-07,50.767319
2008-11-10,49.198532
2008-11-11,48.126742
2008-11-12,45.928689
2008-11-13,49.172918
2008-11-14,45.574271
2008-11-17,44.398802
2008-11-18,44.04276
2008-11-19,40.970896
2008-11-20,39.497673
2008-11-21,41.789931
2008-11-24,43.999953
2008-11-25,42.918099
2008-11-26,45.987889
2008-11-27,45.987889
2008-11-28,45.519413
2008-12-01,41.5282
2008-12-02,43.019383
2008-12-03,44.826694
2008-12-04,42.152752
2008-12-05,43.572721
2008-12-08,44.926227
2008-12-09,46.547645
2008-12-10,47.048728
2008-12-11,45.915546
2008-12-12,48.155935
2008-12-15,47.40308
2008-12-16,50.380027
2008-12-17,50.190061
2008-12-18,47.027091
2008-12-19,47.746621
2008-12-22,46.742097
2008-12-23,45.553202
2008-12-24,45.970026
2008-12-25,45.970026
2008-12-26,45.794106
2008-12-29,45.683401
2008-12-30,47.586501
2008-12-31,47.815038
2009-01-01,47.815038
2009-01-02,49.952598
2009-01-05,49.65074
2009-01-06,51.684503
2009-01-07,48.948701
2009-01-08,49.164984
2009-01-09,47.777034
2009-01-12,46.326864
2009-01-13,46.121387
2009-01-14,44.06676
2009-01-15,44.999268
2009-01-16,46.538967
2009-01-19,46.538967
2009-01-20,43.459631
2009-01-21,44.726785
2009-01-22,43.47351
2009-01-23,44.929607
2009-01-26,45.363058
2009-01-27,46.807619
2009-01-28,47.975381
2009-01-29,45.602256
2009-01-30,44.646193
2009-02-02,45.822855
2009-02-03,46.407507
2009-02-04,47.101521
2009-02-05,48.720135
2009-02-06,50.237287
2009-02-09,50.243563
2009-02-10,47.736498
2009-02-11,47.361947
2009-02-12,47.548529
2009-02-13,47.89213
2009-02-16,47.880839
2009-02-17,44.956468
2009-02-18,45.108149
2009-02-19,43.003319
2009-02-20,43.295524
2009-02-23,41.250316
2009-02-24,43.581102
2009-02-25,44.02215
2009-02-26,43.172269
2009-02-27,42.977392
2009-03-02,41.057476
2009-03-03,41.503311
2009-03-04,43.365677
2009-03-05,42.253241
2009-03-06,42.115359
2009-03-09,41.769739
2009-03-10,45.600568
2009-03-11,46.250276
2009-03-12,48.046016
2009-03-13,48.779903
2009-03-16,47.26401
2009-03-17,49.062323
2009-03-18,50.394828
2009-03-19,50.131226
2009-03-20,48.228249
2009-03-23,51.531353
2009-03-24,49.966627
2009-03-25,50.043935
2009-03-26,53.10304
2009-03-27,51.881069
2009-03-30,49.578587
2009-03-31,50.061879
2009-04-01,50.559442
2009-04-02,52.6647
2009-04-03,53.755448
2009-04-06,53.055292
2009-04-07,51.342436
2009-04-08,51.971039
2009-04-09,54.424198
2009-04-10,54.424198
2009-04-13,53.998234
2009-04-14,54.219784
2009-04-15,53.33739
2009-04-16,54.884874
2009-04-17,54.754213
2009-04-20,52.236651
2009-04-21,52.910946
2009-04-22,54.325531
2009-04-23,53.781057
2009-04-24,54.707499
2009-04-27,54.031052
2009-04-28,53.114086
2009-04-29,54.265135
2009-04-30,56.187453
2009-05-01,56.239701
2009-05-04,59.053492
2009-05-05,57.93384
2009-05-06,58.358977
2009-05-07,55.958469
2009-05-08,54.510171
2009-05-11,54.611052
2009-05-12,53.535209
2009-05-13,52.463748
2009-05-14,53.843561
2009-05-15,53.053349
2009-05-18,54.63619
2009-05-19,55.489854
2009-05-20,55.94024
2009-05-21,54.585057
2009-05-22,54.503143
2009-05-25,54.503143
2009-05-26,56.033541
2009-05-27,56.28373
2009-05-28,57.2652
2009-05-29,57.646336
2009-06-01,60.361158
2009-06-02,58.948455
2009-06-03,57.960119
2009-06-04,58.994039
2009-06-05,58.116718
2009-06-08,58.128589
2009-06-09,60.402841
2009-06-10,60.667767
2009-06-11,60.355189
2009-06-12,59.905807
2009-06-15,59.063412
2009-06-16,58.029385
2009-06-17,58.760763
2009-06-18,57.955882
2009-06-19,58.668337
2009-06-22,56.721872
2009-06-23,56.655192
2009-06-24,57.789955
2009-06-25,58.603084
2009-06-26,58.599532
2009-06-29,58.664656
2009-06-30,58.918948
2009-07-01,59.982424
2009-07-02,59.056106
2009-07-03,59.056106
2009-07-06,58.26209
2009-07-07,56.941173
2009-07-08,56.248607
2009-07-09,57.069336
2009-07-10,57.160446
2009-07-13,58.630628
2009-07-14,59.512181
2009-07-15,62.810794
2009-07-16,64.016999
2009-07-17,64.874511
2009-07-20,65.577436
2009-07-21,65.495163
2009-07-22,66.52715
2009-07-23,67.895197
2009-07-24,67.735482
2009-07-27,68.009843
2009-07-28,67.953407
2009-07-29,67.820928
2009-07-30,67.853268
2009-07-31,67.585922
2009-08-03,68.502112
2009-08-04,68.38997
2009-08-05,67.401984
2009-08-06,66.417663
2009-08-07,66.288338
2009-08-10,66.305752
2009-08-11,65.704763
2009-08-12,66.708637
2009-08-13,67.89867
2009-08-14,66.562268
2009-08-17,64.819604
2009-08-18,66.140353
2009-08-19,66.380255
2009-08-20,66.597565
2009-08-21,67.47996
2009-08-24,66.944292
2009-08-25,67.570773
2009-08-26,68.264305
2009-08-27,68.409598
2009-08-28,70.311012
2009-08-31,69.702434
2009-09-01,67.869223
2009-09-02,67.448256
2009-09-03,68.085667
2009-09-04,69.455356
2009-09-07,69.455356
2009-09-08,70.794698
2009-09-09,71.455024
2009-09-10,71.985768
2009-09-11,70.881247
2009-09-14,70.775499
2009-09-15,71.421008
2009-09-16,71.575916
2009-09-17,70.462135
2009-09-18,71.11898
2009-09-21,71.011291
2009-09-22,71.359561
2009-09-23,71.865874
2009-09-24,70.325489
2009-09-25,69.974769
2009-09-28,71.33305
2009-09-29,70.430411
2009-09-30,70.917595
2009-10-01,67.704607
2009-10-02,67.500702
2009-10-05,68.371869
2009-10-06,69.944013
2009-10-07,69.94959
2009-10-08,69.860485
2009-10-09,71.730934
2009-10-12,72.71028
2009-10-13,72.539041
2009-10-14,73.674588
2009-10-15,72.677219
2009-10-16,70.989585
2009-10-19,72.094881
2009-10-20,71.704945
2009-10-21,70.420662
2009-10-22,71.238662
2009-10-23,69.258158
2009-10-26,69.219178
2009-10-27,68.145415
2009-10-28,66.067628
2009-10-29,66.947707
2009-10-30,65.380796
2009-11-02,65.250005
2009-11-03,64.503288
2009-11-04,64.832371
2009-11-05,66.434071
2009-11-06,66.401514
2009-11-09,68.366783
2009-11-10,68.55035
2009-11-11,69.53515
2009-11-12,69.033736
2009-11-13,69.620511
2009-11-16,71.234493
2009-11-17,71.380827
2009-11-18,70.875474
2009-11-19,68.360488
2009-11-20,67.978732
2009-11-23,68.762918
2009-11-24,68.931704
2009-11-25,69.131562
2009-11-26,69.131562
2009-11-27,68.169862
2009-11-30,68.356261
2009-12-01,70.373014
2009-12-02,71.041859
2009-12-03,71.793408
2009-12-04,73.388442
2009-12-07,73.64
2009-12-08,72.91
2009-12-09,73.15
2009-12-10,73.13
2009-12-11,72.46
2009-12-14,73.36
2009-12-15,72.78
2009-12-16,73.03
2009-12-17,71.86
2009-12-18,73.15
2009-12-21,74.76
2009-12-22,75.04
2009-12-23,75.08
2009-12-24,76.02
2009-12-28,75.53
2009-12-29,75.5
2009-12-30,76.52
2009-12-31,75.95
2010-01-04,77.09
2010-01-05,77.05
2010-01-06,76.84
2010-01-07,76.24
2010-01-08,77.17
2010-01-11,77.07
2010-01-12,74.91
2010-01-13,75.87
2010-01-14,76.12
2010-01-15,73.91
2010-01-18,73.91
2010-01-19,74.86
2010-01-20,74.57
2010-01-21,74.04
2010-01-22,70.54
2010-01-25,71.62
2010-01-26,70.88
2010-01-27,71.78
2010-01-28,70.03
2010-01-29,67.97
2010-02-01,69.77
2010-02-02,70.59
2010-02-03,70.28
2010-02-04,67.48
2010-02-05,68.93
2010-02-08,68.6
2010-02-09,69.56
2010-02-10,69.76
2010-02-11,71.21
2010-02-12,72.04
2010-02-15,72.04
2010-02-16,73.61
2010-02-17,73.56
2010-02-18,73.95
2010-02-19,73.9
2010-02-22,73.73
2010-02-23,71.89
2010-02-24,73.13
2010-02-25,72.76
2010-02-26,72.57
2010-03-01,74.1
2010-03-02,73.94
2010-03-03,73.45
2010-03-04,73.58
2010-03-05,74.51
2010-03-08,74.34
2010-03-09,74.33
2010-03-10,75.64
2010-03-11,75.33
2010-03-12,75.27
2010-03-15,74.71
2010-03-16,77.03
2010-03-17,77.96
2010-03-18,77.55
2010-03-19,76.55
2010-03-22,77.71
2010-03-23,79.32
2010-03-24,77.71
2010-03-25,77.56
2010-03-26,77.28
2010-03-29,77.75
2010-03-30,78.08
2010-03-31,77.6
2010-04-01,77.78
2010-04-05,79.36
2010-04-06,78.76
2010-04-07,79.16
2010-04-08,78.26
2010-04-09,79.03
2010-04-12,79.61
2010-04-13,80.21
2010-04-14,83.3
2010-04-15,84.29
2010-04-16,83.12
2010-04-19,82.7
2010-04-20,83.56
2010-04-21,82.64
2010-04-22,83.43
2010-04-23,83.74
2010-04-26,83.64
2010-04-27,81.45
2010-04-28,81.58
2010-04-29,82.6
2010-04-30,79.54
2010-05-03,81.13
2010-05-04,78.18
2010-05-05,77.25
2010-05-06,74.67
2010-05-07,73.62
2010-05-10,77.71
2010-05-11,77.08
2010-05-12,79.38
2010-05-13,77.44
2010-05-14,75.11
2010-05-17,75.93
2010-05-18,73.78
2010-05-19,74.28
2010-05-20,71.81
2010-05-21,72.95
2010-05-24,71.85
2010-05-25,72.2
2010-05-26,71.87
2010-05-27,75.39
2010-05-28,74.2
2010-06-01,72.87
2010-06-02,75.07
2010-06-03,75.78
2010-06-04,72.51
2010-06-07,70.07
2010-06-08,69.79
2010-06-09,69.18
2010-06-10,71.42
2010-06-11,72.19
2010-06-14,72.54
2010-06-15,75.66
2010-06-16,75.79
2010-06-17,75.91
2010-06-18,75.72
2010-06-21,74.97
2010-06-22,73.82
2010-06-23,73.85
2010-06-24,71.95
2010-06-25,71.58
2010-06-28,72.32
2010-06-29,69.52
2010-06-30,68.28
2010-07-01,68.06
2010-07-02,67.76
2010-07-05,67.76
2010-07-06,68.0
2010-07-07,71.13
2010-07-08,71.07
2010-07-09,71.8
2010-07-12,72.56
2010-07-13,74.29
2010-07-14,74.67
2010-07-15,74.79
2010-07-16,72.66
2010-07-19,74.57
2010-07-20,74.45
2010-07-21,73.07
2010-07-22,75.26
2010-07-23,75.44
2010-07-26,76.23
2010-07-27,75.62
2010-07-28,74.35
2010-07-29,72.92
2010-07-30,71.95
2010-08-02,73.46
2010-08-03,72.6
2010-08-04,72.9
2010-08-05,72.72
2010-08-06,72.66
2010-08-09,73.02
2010-08-10,70.79
2010-08-11,68.53
2010-08-12,67.73
2010-08-13,67.01
2010-08-16,67.57
2010-08-17,68.25
2010-08-18,68.84
2010-08-19,67.4
2010-08-20,67.51
2010-08-23,66.73
2010-08-24,65.75
2010-08-25,66.19
2010-08-26,65.05
2010-08-27,66.27
2010-08-30,64.58
2010-08-31,63.55
2010-09-01,65.37
2010-09-02,66.49
2010-09-03,67.46
2010-09-06,67.46
2010-09-07,66.07
2010-09-08,65.79
2010-09-09,66.02
2010-09-10,65.43
2010-09-13,67.55
2010-09-14,68.49
2010-09-15,68.45
2010-09-16,69.08
2010-09-17,69.09
2010-09-20,69.64
2010-09-21,69.85
2010-09-22,68.91
2010-09-23,69.12
2010-09-24,71.67
2010-09-27,71.2
2010-09-28,72.37
2010-09-29,72.26
2010-09-30,72.03
2010-10-01,71.99
2010-10-04,70.9
2010-10-05,72.52
2010-10-06,71.9
2010-10-07,72.15
2010-10-08,72.76
2010-10-11,73.12
2010-10-12,73.76
2010-10-13,73.02
2010-10-14,72.96
2010-10-15,73.4
2010-10-18,72.96
2010-10-19,72.23
2010-10-20,73.11
2010-10-21,73.0
2010-10-22,74.1
2010-10-25,74.64
2010-10-26,74.69
2010-10-27,76.4
2010-10-28,76.9
2010-10-29,76.89
2010-11-01,77.37
2010-11-02,77.61
2010-11-03,78.19
2010-11-04,80.38
2010-11-05,81.32
2010-11-08,81.28
2010-11-09,80.67
2010-11-10,80.51
2010-11-11,79.9
2010-11-12,80.18
2010-11-15,79.68
2010-11-16,78.58
2010-11-17,78.74
2010-11-18,79.9
2010-11-19,80.77
2010-11-22,81.47
2010-11-23,80.75
2010-11-24,82.58
2010-11-25,82.58
2010-11-26,82.07
2010-11-29,81.92
2010-11-30,81.05
2010-12-01,83.25
2010-12-02,84.5
2010-12-03,84.99
2010-12-06,85.06
2010-12-07,85.18
2010-12-08,85.95
2010-12-09,86.01
2010-12-10,85.98
2010-12-13,84.94
2010-12-14,84.59
2010-12-15,83.76
2010-12-16,84.16
2010-12-17,84.56
2010-12-20,84.16
2010-12-21,84.5
2010-12-22,84.2
2010-12-23,84.01
2010-12-24,84.01
2010-12-27,84.19
2010-12-28,84.02
2010-12-29,84.24
2010-12-30,84.42
2010-12-31,84.3
2011-01-03,84.69
2011-01-04,84.94
2011-01-05,85.01
2011-01-06,85.72
2011-01-07,85.69
2011-01-10,86.26
2011-01-11,87.02
2011-01-12,88.37
2011-01-13,88.48
2011-01-14,89.78
2011-01-17,89.78
2011-01-18,90.03
2011-01-19,88.43
2011-01-20,87.44
2011-01-21,86.79
2011-01-24,88.79
2011-01-25,88.67
2011-01-26,89.37
2011-01-27,90.49
2011-01-28,88.5
2011-01-31,88.79
2011-02-01,90.57
2011-02-02,90.74
2011-02-03,90.53
2011-02-04,91.86
2011-02-07,91.74
2011-02-08,91.45
2011-02-09,90.97
2011-02-10,91.64
2011-02-11,92.18
2011-02-14,92.54
2011-02-15,91.82
2011-02-16,92.75
2011-02-17,93.84
2011-02-18,93.77
2011-02-21,93.77
2011-02-22,90.84
2011-02-23,88.7
2011-02-24,89.71
2011-02-25,92.06
2011-02-28,91.0
2011-03-01,89.72
2011-03-02,90.84
2011-03-03,92.64
2011-03-04,91.68
2011-03-07,89.39
2011-03-08,89.47
2011-03-09,87.46
2011-03-10,85.61
2011-03-11,86.24
2011-03-14,86.08
2011-03-15,84.44
2011-03-16,82.81
2011-03-17,83.39
2011-03-18,83.61
2011-03-21,85.18
2011-03-22,84.67
2011-03-23,85.65
2011-03-24,87.24
2011-03-25,87.2
2011-03-28,87.07
2011-03-29,87.61
2011-03-30,87.82
2011-03-31,87.03
2011-04-01,85.69
2011-04-04,84.78
2011-04-05,86.07
2011-04-06,86.96
2011-04-07,86.85
2011-04-08,86.4
2011-04-11,85.83
2011-04-12,84.1
2011-04-13,84.38
2011-04-14,84.14
2011-04-15,84.84
2011-04-18,83.61
2011-04-19,84.19
2011-04-20,88.43
2011-04-21,88.87
2011-04-22,88.87
2011-04-25,89.44
2011-04-26,91.17
2011-04-27,91.3
2011-04-28,91.13
2011-04-29,91.89
2011-05-02,90.93
2011-05-03,90.39
2011-05-04,90.92
2011-05-05,91.26
2011-05-06,91.45
2011-05-09,90.94
2011-05-10,91.75
2011-05-11,91.51
2011-05-12,92.73
2011-05-13,91.49
2011-05-16,90.65
2011-05-17,89.67
2011-05-18,91.52
2011-05-19,90.68
2011-05-20,90.04
2011-05-23,88.31
2011-05-24,87.48
2011-05-25,88.1
2011-05-26,88.46
2011-05-27,88.81
2011-05-30,88.81
2011-05-31,90.05
2011-06-01,87.29
2011-06-02,87.48
2011-06-03,85.69
2011-06-06,85.33
2011-06-07,86.02
2011-06-08,84.39
2011-06-09,84.55
2011-06-10,83.13
2011-06-13,82.44
2011-06-14,84.07
2011-06-15,82.41
2011-06-16,81.58
2011-06-17,80.77
2011-06-20,80.88
2011-06-21,82.7
2011-06-22,82.15
2011-06-23,83.41
2011-06-24,81.72
2011-06-27,82.24
2011-06-28,83.08
2011-06-29,83.02
2011-06-30,85.3
2011-07-01,86.93
2011-07-04,86.93
2011-07-05,86.23
2011-07-06,86.32
2011-07-07,88.19
2011-07-08,87.12
2011-07-11,85.65
2011-07-12,83.06
2011-07-13,82.93
2011-07-14,81.89
2011-07-15,82.27
2011-07-18,81.28
2011-07-19,83.98
2011-07-20,83.59
2011-07-21,83.84
2011-07-22,85.62
2011-07-25,84.63
2011-07-26,84.94
2011-07-27,82.27
2011-07-28,82.19
2011-07-29,81.46
2011-08-01,81.27
2011-08-02,78.95
2011-08-03,79.7
2011-08-04,75.26
2011-08-05,74.11
2011-08-08,70.62
2011-08-09,73.24
2011-08-10,71.45
2011-08-11,74.97
2011-08-12,74.59
2011-08-15,76.11
2011-08-16,74.86
2011-08-17,74.37
2011-08-18,70.28
2011-08-19,68.9
2011-08-22,69.43
2011-08-23,72.25
2011-08-24,72.18
2011-08-25,70.49
2011-08-26,71.99
2011-08-29,74.33
2011-08-30,74.26
2011-08-31,73.84
2011-09-01,72.85
2011-09-02,71.12
2011-09-05,71.12
2011-09-06,70.61
2011-09-07,73.26
2011-09-08,72.72
2011-09-09,71.89
2011-09-12,73.8
2011-09-13,75.41
2011-09-14,77.24
2011-09-15,78.49
2011-09-16,79.05
2011-09-19,78.42
2011-09-20,78.08
2011-09-21,76.78
2011-09-22,74.59
2011-09-23,76.24
2011-09-26,76.49
2011-09-27,77.72
2011-09-28,75.88
2011-09-29,75.32
2011-09-30,72.67
2011-10-03,70.17
2011-10-04,72.87
2011-10-05,75.19
2011-10-06,76.09
2011-10-07,76.58
2011-10-10,78.77
2011-10-11,78.76
2011-10-12,79.45
2011-10-13,81.05
2011-10-14,81.75
2011-10-17,79.99
2011-10-18,81.35
2011-10-19,80.85
2011-10-20,79.44
2011-10-21,81.19
2011-10-24,83.58
2011-10-25,82.58
2011-10-26,83.16
2011-10-27,85.84
2011-10-28,85.51
2011-10-31,83.6
2011-11-01,81.01
2011-11-02,81.14
2011-11-03,83.42
2011-11-04,83.61
2011-11-07,83.84
2011-11-08,84.8
2011-11-09,81.02
2011-11-10,81.67
2011-11-11,84.45
2011-11-14,83.41
2011-11-15,85.05
2011-11-16,83.99
2011-11-17,81.0
2011-11-18,80.53
2011-11-21,78.58
2011-11-22,77.43
2011-11-23,75.13
2011-11-24,75.13
2011-11-25,74.54
2011-11-28,76.93
2011-11-29,76.79
2011-11-30,81.23
2011-12-01,81.4
2011-12-02,81.03
2011-12-05,82.04
2011-12-06,82.42
2011-12-07,83.08
2011-12-08,80.42
2011-12-09,81.48
2011-12-12,78.91
2011-12-13,77.14
2011-12-14,76.12
2011-12-15,76.25
2011-12-16,76.54
2011-12-19,75.27
2011-12-20,78.46
2011-12-21,77.55
2011-12-22,79.6
2011-12-23,80.28
2011-12-26,80.28
2011-12-27,80.46
2011-12-28,79.19
2011-12-29,80.07
2011-12-30,79.49
2012-01-02,79.49
2012-01-03,80.54
2012-01-04,81.06
2012-01-05,82.23
2012-01-06,82.2
2012-01-09,83.35
2012-01-10,83.87
2012-01-11,84.34
2012-01-12,84.88
2012-01-13,83.0
2012-01-16,83.0
2012-01-17,83.27
2012-01-18,86.7
2012-01-19,87.85
2012-01-20,89.04
2012-01-23,89.14
2012-01-24,89.67
2012-01-25,89.84
2012-01-26,89.2
2012-01-27,89.37
2012-01-30,88.87
2012-01-31,88.46
2012-02-01,89.95
2012-02-02,90.19
2012-02-03,91.7
2012-02-06,90.88
2012-02-07,90.84
2012-02-08,91.76
2012-02-09,92.0
2012-02-10,90.66
2012-02-13,90.81
2012-02-14,90.97
2012-02-15,90.92
2012-02-16,92.61
2012-02-17,92.67
2012-02-20,92.67
2012-02-21,91.7
2012-02-22,90.84
2012-02-23,90.96
2012-02-24,90.79
2012-02-27,90.98
2012-02-28,92.18
2012-02-29,90.86
2012-03-01,90.91
2012-03-02,90.18
2012-03-05,88.26
2012-03-06,87.89
2012-03-07,89.05
2012-03-08,89.69
2012-03-09,90.41
2012-03-12,89.79
2012-03-13,91.64
2012-03-14,91.42
2012-03-15,92.85
2012-03-16,92.84
2012-03-19,93.37
2012-03-20,93.02
2012-03-21,93.09
2012-03-22,92.78
2012-03-23,92.89
2012-03-26,94.2
2012-03-27,94.09
2012-03-28,92.86
2012-03-29,93.35
2012-03-30,93.54
2012-04-02,93.74
2012-04-03,92.44
2012-04-04,91.05
2012-04-05,91.23
2012-04-06,91.23
2012-04-09,89.94
2012-04-10,88.6
2012-04-11,89.99
2012-04-12,91.9
2012-04-13,90.22
2012-04-16,90.55
2012-04-17,91.72
2012-04-18,90.63
2012-04-19,89.86
2012-04-20,88.45
2012-04-23,87.47
2012-04-24,86.81
2012-04-25,88.78
2012-04-26,90.04
2012-04-27,90.44
2012-04-30,90.32
2012-05-01,91.04
2012-05-02,91.49
2012-05-03,89.19
2012-05-04,87.16
2012-05-07,86.72
2012-05-08,85.98
2012-05-09,85.51
2012-05-10,85.35
2012-05-11,86.06
2012-05-14,84.81
2012-05-15,84.32
2012-05-16,83.09
2012-05-17,81.62
2012-05-18,80.54
2012-05-21,81.97
2012-05-22,81.41
2012-05-23,80.93
2012-05-24,80.52
2012-05-25,81.15
2012-05-28,81.15
2012-05-29,82.61
2012-05-30,81.58
2012-05-31,80.88
2012-06-01,78.07
2012-06-04,77.97
2012-06-05,79.51
2012-06-06,82.02
2012-06-07,81.09
2012-06-08,82.31
2012-06-11,80.59
2012-06-12,82.38
2012-06-13,81.77
2012-06-14,82.04
2012-06-15,83.31
2012-06-18,83.95
2012-06-19,84.68
2012-06-20,85.34
2012-06-21,82.15
2012-06-22,83.16
2012-06-25,80.18
2012-06-26,80.18
2012-06-27,81.13
2012-06-28,80.34
2012-06-29,83.46
2012-07-02,83.16
2012-07-03,84.13
2012-07-04,84.13
2012-07-05,83.56
2012-07-06,81.58
2012-07-09,80.92
2012-07-10,79.38
2012-07-11,78.86
2012-07-12,77.38
2012-07-13,78.49
2012-07-16,77.77
2012-07-17,77.88
2012-07-18,80.54
2012-07-19,81.22
2012-07-20,79.45
2012-07-23,78.46
2012-07-24,77.7
2012-07-25,78.98
2012-07-26,80.46
2012-07-27,82.31
2012-07-30,81.53
2012-07-31,81.77
2012-08-01,81.92
2012-08-02,81.55
2012-08-03,83.14
2012-08-06,83.53
2012-08-07,85.03
2012-08-08,85.16
2012-08-09,85.69
2012-08-10,86.19
2012-08-13,85.62
2012-08-14,84.88
2012-08-15,84.96
2012-08-16,86.21
2012-08-17,85.65
2012-08-20,85.1
2012-08-21,84.89
2012-08-22,83.93
2012-08-23,82.8
2012-08-24,82.92
2012-08-27,82.49
2012-08-28,82.71
2012-08-29,82.52
2012-08-30,81.2
2012-08-31,82.47
2012-09-03,82.47
2012-09-04,81.57
2012-09-05,81.21
2012-09-06,83.92
2012-09-07,82.55
2012-09-10,80.65
2012-09-11,80.88
2012-09-12,80.8
2012-09-13,81.49
2012-09-14,82.37
2012-09-17,81.58
2012-09-18,81.37
2012-09-19,80.75
2012-09-20,79.97
2012-09-21,79.96
2012-09-24,78.68
2012-09-25,76.98
2012-09-26,76.57
2012-09-27,77.97
2012-09-28,76.88
2012-10-01,76.76
2012-10-02,77.02
2012-10-03,76.42
2012-10-04,76.66
2012-10-05,77.01
2012-10-08,76.28
2012-10-09,74.73
2012-10-10,73.85
2012-10-11,73.87
2012-10-12,73.33
2012-10-15,74.33
2012-10-16,76.27
2012-10-17,75.76
2012-10-18,75.36
2012-10-19,73.39
2012-10-22,73.77
2012-10-23,74.05
2012-10-24,73.16
2012-10-25,73.97
2012-10-26,74.61
2012-10-29,74.61
2012-10-30,74.61
2012-10-31,73.97
2012-11-01,76.41
2012-11-02,74.97
2012-11-05,75.78
2012-11-06,76.4
2012-11-07,73.91
2012-11-08,73.27
2012-11-09,73.35
2012-11-12,73.32
2012-11-13,72.33
2012-11-14,71.31
2012-11-15,70.79
2012-11-16,70.74
2012-11-19,71.99
2012-11-20,71.14
2012-11-21,71.02
2012-11-22,71.02
2012-11-23,72.29
2012-11-26,72.72
2012-11-27,72.67
2012-11-28,73.53
2012-11-29,73.28
2012-11-30,73.23
2012-12-03,73.0
2012-12-04,73.93
2012-12-05,73.71
2012-12-06,74.54
2012-12-07,74.71
2012-12-10,74.9
2012-12-11,76.66
2012-12-12,76.51
2012-12-13,75.63
2012-12-14,75.3
2012-12-17,75.65
2012-12-18,77.05
2012-12-19,77.28
2012-12-20,77.36
2012-12-21,76.51
2012-12-24,76.18
2012-12-26,75.86
2012-12-27,75.61
2012-12-28,74.82
2012-12-31,76.34
2013-01-01,76.34
2013-01-02,79.34
2013-01-03,78.96
2013-01-04,78.64
2013-01-07,78.61
2013-01-08,77.65
2013-01-09,78.52
2013-01-10,79.54
2013-01-11,79.94
2013-01-14,79.74
2013-01-15,79.29
2013-01-16,80.3
2013-01-17,81.89
2013-01-18,80.15
2013-01-21,80.15
2013-01-22,80.01
2013-01-23,80.23
2013-01-24,79.79
2013-01-25,80.33
2013-01-28,80.67
2013-01-29,80.43
2013-01-30,80.73
2013-01-31,80.23
2013-02-01,81.81
2013-02-04,80.69
2013-02-05,81.57
2013-02-06,81.48
2013-02-07,80.77
2013-02-08,82.04
2013-02-11,82.12
2013-02-12,82.52
2013-02-13,82.67
2013-02-14,83.29
2013-02-15,82.62
2013-02-18,82.62
2013-02-19,83.24
2013-02-20,81.43
2013-02-21,79.77
2013-02-22,81.18
2013-02-25,79.78
2013-02-26,80.61
2013-02-27,81.8
2013-02-28,81.7
2013-03-01,81.53
2013-03-04,81.61
2013-03-05,82.86
2013-03-06,83.26
2013-03-07,83.64
2013-03-08,83.55
2013-03-11,83.84
2013-03-12,83.89
2013-03-13,84.17
2013-03-14,84.6
2013-03-15,83.32
2013-03-18,82.46
2013-03-19,82.24
2013-03-20,82.95
2013-03-21,81.76
2013-03-22,82.56
2013-03-25,82.27
2013-03-26,83.62
2013-03-27,83.73
2013-03-28,84.31
2013-03-29,84.31
2013-04-01,82.56
2013-04-02,81.98
2013-04-03,80.42
2013-04-04,81.12
2013-04-05,80.51
2013-04-08,81.39
2013-04-09,82.52
2013-04-10,84.39
2013-04-11,83.7
2013-04-12,83.18
2013-04-15,81.45
2013-04-16,83.24
2013-04-17,81.04
2013-04-18,80.5
2013-04-19,80.85
2013-04-22,82.04
2013-04-23,83.86
2013-04-24,84.82
2013-04-25,85.26
2013-04-26,84.58
2013-04-29,85.63
2013-04-30,86.49
2013-05-01,85.83
2013-05-02,86.66
2013-05-03,87.32
2013-05-06,87.67
2013-05-07,87.95
2013-05-08,88.61
2013-05-09,88.92
2013-05-10,89.62
2013-05-13,88.47
2013-05-14,88.58
2013-05-15,89.61
2013-05-16,89.03
2013-05-17,89.97
2013-05-20,89.89
2013-05-21,90.0
2013-05-22,88.82
2013-05-23,88.83
2013-05-24,88.65
2013-05-27,88.65
2013-05-28,89.35
2013-05-29,89.59
2013-05-30,90.7
2013-05-31,90.17
2013-06-03,91.47
2013-06-04,91.87
2013-06-05,90.12
2013-06-06,89.91
2013-06-07,90.75
2013-06-10,91.37
2013-06-11,89.59
2013-06-12,88.42
2013-06-13,90.33
2013-06-14,90.13
2013-06-17,91.2
2013-06-18,92.47
2013-06-19,91.29
2013-06-20,88.57
2013-06-21,88.84
2013-06-24,86.83
2013-06-25,88.39
2013-06-26,88.79
2013-06-27,89.15
2013-06-28,89.41
2013-07-01,89.1
2013-07-02,88.92
2013-07-03,89.32
2013-07-04,89.32
2013-07-05,90.57
2013-07-08,88.49
2013-07-09,89.21
2013-07-10,89.99
2013-07-11,91.94
2013-07-12,92.28
2013-07-15,92.42
2013-07-16,93.02
2013-07-17,93.12
2013-07-18,91.78
2013-07-19,91.47
2013-07-22,91.13
2013-07-23,91.21
2013-07-24,90.31
2013-07-25,90.95
2013-07-26,90.67
2013-07-29,90.32
2013-07-30,91.15
2013-07-31,91.52
2013-08-01,92.59
2013-08-02,92.13
2013-08-05,91.78
2013-08-06,91.17
2013-08-07,90.54
2013-08-08,90.23
2013-08-09,90.04
2013-08-12,90.54
2013-08-13,91.09
2013-08-14,90.34
2013-08-15,88.2
2013-08-16,88.38
2013-08-19,88.3
2013-08-20,88.96
2013-08-21,88.05
2013-08-22,88.76
2013-08-23,89.0
2013-08-26,88.76
2013-08-27,87.11
2013-08-28,87.85
2013-08-29,88.25
2013-08-30,87.51
2013-09-02,87.51
2013-09-03,88.09
2013-09-04,90.38
2013-09-05,90.72
2013-09-06,90.54
2013-09-09,91.59
2013-09-10,92.82
2013-09-11,92.5
2013-09-12,91.98
2013-09-13,93.05
2013-09-16,93.24
2013-09-17,94.17
2013-09-18,94.82
2013-09-19,94.64
2013-09-20,94.12
2013-09-23,93.63
2013-09-24,94.23
2013-09-25,94.3
2013-09-26,93.86
2013-09-27,92.96
2013-09-30,93.0
2013-10-01,93.49
2013-10-02,93.31
2013-10-03,92.75
2013-10-04,93.49
2013-10-07,93.17
2013-10-08,91.65
2013-10-09,91.62
2013-10-10,93.83
2013-10-11,93.98
2013-10-14,94.79
2013-10-15,93.86
2013-10-16,94.9
2013-10-17,95.34
2013-10-18,95.48
2013-10-21,95.87
2013-10-22,95.63
2013-10-23,92.89
2013-10-24,93.25
2013-10-25,93.97
2013-10-28,94.56
2013-10-29,95.81
2013-10-30,95.1
2013-10-31,95.66
2013-11-01,95.31
2013-11-04,95.28
2013-11-05,94.9
2013-11-06,95.41
2013-11-07,94.01
2013-11-08,95.02
2013-11-11,95.02
2013-11-12,95.75
2013-11-13,96.6
2013-11-14,95.78
2013-11-15,96.27
2013-11-18,95.69
2013-11-19,94.71
2013-11-20,94.34
2013-11-21,96.47
2013-11-22,95.04
2013-11-25,94.95
2013-11-26,95.3
2013-11-27,95.81
2013-11-28,95.81
2013-11-29,95.72
2013-12-02,95.4
2013-12-03,95.54
2013-12-04,95.37
2013-12-05,96.18
2013-12-06,97.55
2013-12-09,97.85
2013-12-10,97.59
2013-12-11,96.32
2013-12-12,95.79
2013-12-13,95.54
2013-12-16,96.83
2013-12-17,97.82
2013-12-18,98.51
2013-12-19,97.93
2013-12-20,98.56
2013-12-23,99.52
2013-12-24,99.89
2013-12-25,99.89
2013-12-26,100.29
2013-12-27,100.17
2013-12-30,100.7
2013-12-31,101.33
2014-01-01,101.33
2014-01-02,100.17
2014-01-03,100.16
2014-01-06,99.36
2014-01-07,100.07
2014-01-08,100.87
2014-01-09,100.25
2014-01-10,100.77
2014-01-13,99.81
2014-01-14,102.63
2014-01-15,103.48
2014-01-16,102.77
2014-01-17,101.71
2014-01-20,101.71
2014-01-21,101.95
2014-01-22,102.46
2014-01-23,101.43
2014-01-24,99.26
2014-01-27,98.71
2014-01-28,99.41
2014-01-29,98.79
2014-01-30,99.78
2014-01-31,99.06
2014-02-03,96.63
2014-02-04,96.9
2014-02-05,96.58
2014-02-06,98.1
2014-02-07,99.53
2014-02-10,100.01
2014-02-11,101.12
2014-02-12,101.84
2014-02-13,102.95
2014-02-14,103.37
2014-02-17,103.37
2014-02-18,103.71
2014-02-19,103.4
2014-02-20,104.3
2014-02-21,103.52
2014-02-24,104.32
2014-02-25,104.01
2014-02-26,104.86
2014-02-27,104.77
2014-02-28,104.69
2014-03-03,103.98
2014-03-04,105.6
2014-03-05,105.56
2014-03-06,106.15
2014-03-07,106.23
2014-03-10,106.21
2014-03-11,105.54
2014-03-12,106.25
2014-03-13,104.61
2014-03-14,104.36
2014-03-17,105.46
2014-03-18,106.77
2014-03-19,106.9
2014-03-20,108.84
2014-03-21,107.86
2014-03-24,107.38
2014-03-25,108.08
2014-03-26,106.76
2014-03-27,105.91
2014-03-28,106.72
2014-03-31,108.39
2014-04-01,109.77
2014-04-02,109.79
2014-04-03,110.37
2014-04-04,107.65
2014-04-07,107.2
2014-04-08,108.65
2014-04-09,109.66
2014-04-10,106.44
2014-04-11,104.87
2014-04-14,105.75
2014-04-15,106.62
2014-04-16,106.69
2014-04-17,107.93
2014-04-18,107.93
2014-04-21,108.68
2014-04-22,109.67
2014-04-23,109.6
2014-04-24,110.15
2014-04-25,106.76
2014-04-28,106.02
2014-04-29,106.81
2014-04-30,107.38
2014-05-01,106.97
2014-05-02,107.24
2014-05-05,106.99
2014-05-06,106.47
2014-05-07,106.67
2014-05-08,107.07
2014-05-09,106.85
2014-05-12,108.56
2014-05-13,107.79
2014-05-14,106.78
2014-05-15,105.5
2014-05-16,106.17
2014-05-19,107.45
2014-05-20,106.85
2014-05-21,107.44
2014-05-22,107.91
2014-05-23,108.92
2014-05-26,108.92
2014-05-27,110.34
2014-05-28,110.67
2014-05-29,110.96
2014-05-30,111.34
2014-06-02,111.71
2014-06-03,112.82
2014-06-04,113.42
2014-06-05,114.11
2014-06-06,115.08
2014-06-09,115.4
2014-06-10,116.2
2014-06-11,116.33
2014-06-12,116.05
2014-06-13,118.95
2014-06-16,119.44
2014-06-17,120.08
2014-06-18,119.63
2014-06-19,119.83
2014-06-20,120.24
2014-06-23,119.98
2014-06-24,119.59
2014-06-25,120.33
2014-06-26,119.75
2014-06-27,120.03
2014-06-30,120.95
2014-07-01,122.31
2014-07-02,122.24
2014-07-03,122.99
2014-07-04,122.99
2014-07-07,122.14
2014-07-08,121.38
2014-07-09,122.14
2014-07-10,121.91
2014-07-11,122.05
2014-07-14,122.65
2014-07-15,122.59
2014-07-16,126.73
2014-07-17,124.02
2014-07-18,125.37
2014-07-21,125.96
2014-07-22,127.15
2014-07-23,124.41
2014-07-24,123.89
2014-07-25,121.94
2014-07-28,121.99
2014-07-29,121.76
2014-07-30,122.61
2014-07-31,120.09
2014-08-01,120.42
2014-08-04,121.14
2014-08-05,119.06
2014-08-06,119.39
2014-08-07,117.96
2014-08-08,118.85
2014-08-11,120.14
2014-08-12,120.21
2014-08-13,122.09
2014-08-14,122.03
2014-08-15,123.26
2014-08-18,123.96
2014-08-19,124.54
2014-08-20,125.51
2014-08-21,126.64
2014-08-22,126.45
2014-08-25,125.86
2014-08-26,125.92
2014-08-27,125.98
2014-08-28,126.27
2014-08-29,127.47
2014-09-01,127.47
2014-09-02,126.81
2014-09-03,127.04
2014-09-04,127.58
2014-09-05,128.4
2014-09-08,128.84
2014-09-09,127.33
2014-09-10,127.48
2014-09-11,127.83
2014-09-12,126.27
2014-09-15,124.91
2014-09-16,126.76
2014-09-17,127.43
2014-09-18,128.91
2014-09-19,127.4
2014-09-22,125.92
2014-09-23,125.44
2014-09-24,126.79
2014-09-25,124.53
2014-09-26,125.82
2014-09-29,126.65
2014-09-30,125.59
2014-10-01,122.55
2014-10-02,121.69
2014-10-03,122.52
2014-10-06,121.77
2014-10-07,119.42
2014-10-08,122.19
2014-10-09,118.87
2014-10-10,110.68
2014-10-13,108.38
2014-10-14,110.32
2014-10-15,110.15
2014-10-16,111.05
2014-10-17,112.22
2014-10-20,113.77
2014-10-21,117.9
2014-10-22,116.41
2014-10-23,118.24
2014-10-24,119.6
2014-10-27,119.9
2014-10-28,122.07
2014-10-29,122.43
2014-10-30,120.05
2014-10-31,125.04
2014-11-03,126.0
2014-11-04,126.06
2014-11-05,126.26
2014-11-06,126.15
2014-11-07,125.24
2014-11-10,125.51
2014-11-11,125.36
2014-11-12,125.34
2014-11-13,125.28
2014-11-14,126.38
2014-11-17,126.19
2014-11-18,128.37
2014-11-19,127.27
2014-11-20,129.75
2014-11-21,130.25
2014-11-24,132.03
2014-11-25,131.97
2014-11-26,134.25
2014-11-27,134.25
2014-11-28,134.69
2014-12-01,133.25
2014-12-02,134.67
2014-12-03,136.45
2014-12-04,136.78
2014-12-05,138.05
2014-12-08,135.87
2014-12-09,135.75
2014-12-10,133.42
2014-12-11,134.22
2014-12-12,132.09
2014-12-15,131.12
2014-12-16,130.14
2014-12-17,132.79
2014-12-18,135.48
2014-12-19,134.49
2014-12-22,136.84
2014-12-23,136.92
2014-12-24,137.15
2014-12-25,137.15
2014-12-26,137.37
2014-12-29,136.75
2014-12-30,135.73
2014-12-31,134.66
2015-01-01,134.66
2015-01-02,134.75
2015-01-05,132.36
2015-01-06,129.36
2015-01-07,131.17
2015-01-08,134.73
2015-01-09,135.06
2015-01-12,133.32
2015-01-13,132.35
2015-01-14,131.59
2015-01-15,130.18
2015-01-16,131.82
2015-01-19,131.82
2015-01-20,132.21
2015-01-21,133.78
2015-01-22,134.92
2015-01-23,134.34
2015-01-26,133.91
2015-01-27,130.5
2015-01-28,129.71
2015-01-29,131.41
2015-01-30,128.36
2015-02-02,128.78
2015-02-03,130.55
2015-02-04,130.8
2015-02-05,132.04
2015-02-06,131.14
2015-02-09,129.63
2015-02-10,133.33
2015-02-11,133.42
2015-02-12,135.7
2015-02-13,136.6
2015-02-16,136.6
2015-02-17,137.39
2015-02-18,136.55
2015-02-19,136.64
2015-02-20,137.44
2015-02-23,136.19
2015-02-24,138.27
2015-02-25,137.06
2015-02-26,137.73
2015-02-27,136.77
2015-03-02,140.84
2015-03-03,138.84
2015-03-04,138.69
2015-03-05,138.35
2015-03-06,136.59
2015-03-09,136.55
2015-03-10,133.44
2015-03-11,134.51
2015-03-12,133.22
2015-03-13,134.12
2015-03-16,135.54
2015-03-17,134.6
2015-03-18,135.76
2015-03-19,135.98
2015-03-20,138.17
2015-03-23,137.13
2015-03-24,136.0
2015-03-25,130.2
2015-03-26,129.84
2015-03-27,134.85
2015-03-30,135.72
2015-03-31,134.22
2015-04-01,132.98
2015-04-02,132.79
2015-04-06,133.48
2015-04-07,133.54
2015-04-08,134.4
2015-04-09,135.42
2015-04-10,136.49
2015-04-13,135.65
2015-04-14,134.17
2015-04-15,137.45
2015-04-16,137.25
2015-04-17,135.13
2015-04-20,136.39
2015-04-21,136.75
2015-04-22,138.28
2015-04-23,135.93
2015-04-24,133.43
2015-04-27,133.69
2015-04-28,134.18
2015-04-29,133.69
2015-04-30,132.26
2015-05-01,136.09
2015-05-04,135.94
2015-05-05,132.72
2015-05-06,132.37
2015-05-07,133.74
2015-05-08,135.25
2015-05-11,135.19
2015-05-12,133.97
2015-05-13,134.88
2015-05-14,136.62
2015-05-15,136.69
2015-05-18,138.51
2015-05-19,137.78
2015-05-20,138.23
2015-05-21,138.94
2015-05-22,139.33
2015-05-25,139.33
2015-05-26,138.07
2015-05-27,142.97
2015-05-28,143.17
2015-05-29,144.02
2015-06-01,143.71
2015-06-02,141.94
2015-06-03,140.82
2015-06-04,139.51
2015-06-05,139.31
2015-06-08,136.65
2015-06-09,136.55
2015-06-10,138.61
2015-06-11,138.38
2015-06-12,137.11
2015-06-15,137.05
2015-06-16,137.68
2015-06-17,137.98
2015-06-18,139.84
2015-06-19,139.27
2015-06-22,139.87
2015-06-23,139.13
2015-06-24,137.93
2015-06-25,137.88
2015-06-26,133.85
2015-06-29,130.42
2015-06-30,130.92
2015-07-01,130.84
2015-07-02,131.68
2015-07-03,131.68
2015-07-06,129.51
2015-07-07,128.97
2015-07-08,125.9
2015-07-09,123.78
2015-07-10,125.89
2015-07-13,126.96
2015-07-14,128.34
2015-07-15,127.4
2015-07-16,127.77
2015-07-17,127.13
2015-07-20,125.99
2015-07-21,125.7
2015-07-22,123.13
2015-07-23,124.7
2015-07-24,122.17
2015-07-27,121.46
2015-07-28,124.22
2015-07-29,124.49
2015-07-30,124.87
2015-07-31,123.68
2015-08-03,123.54
2015-08-04,122.66
2015-08-05,123.85
2015-08-06,122.12
2015-08-07,122.49
2015-08-10,125.66
2015-08-11,122.6
2015-08-12,123.53
2015-08-13,122.05
2015-08-14,121.6
2015-08-17,122.71
2015-08-18,120.22
2015-08-19,118.98
2015-08-20,114.53
2015-08-21,111.59
2015-08-24,109.48
2015-08-25,108.28
2015-08-26,113.61
2015-08-27,117.31
2015-08-28,118.72
2015-08-31,118.38
2015-09-01,114.53
2015-09-02,117.22
2015-09-03,118.5
2015-09-04,116.54
2015-09-07,116.54
2015-09-08,121.58
2015-09-09,119.72
2015-09-10,119.86
2015-09-11,120.25
2015-09-14,120.47
2015-09-15,121.82
2015-09-16,122.09
2015-09-17,121.36
2015-09-18,119.12
2015-09-21,119.04
2015-09-22,116.48
2015-09-23,115.89
2015-09-24,115.53
2015-09-25,116.37
2015-09-28,113.93
2015-09-29,114.94
2015-09-30,118.68
2015-10-01,117.31
2015-10-02,119.4
2015-10-05,121.66
2015-10-06,122.35
2015-10-07,124.27
2015-10-08,124.72
2015-10-09,123.88
2015-10-12,124.18
2015-10-13,122.88
2015-10-14,126.62
2015-10-15,127.67
2015-10-16,127.72
2015-10-19,128.35
2015-10-20,127.77
2015-10-21,127.25
2015-10-22,131.63
2015-10-23,133.17
2015-10-26,130.75
2015-10-27,130.11
2015-10-28,132.17
2015-10-29,127.83
2015-10-30,128.72
2015-11-02,129.81
2015-11-03,130.71
2015-11-04,130.81
2015-11-05,129.91
2015-11-06,131.97
2015-11-09,130.43
2015-11-10,128.62
2015-11-11,128.37
2015-11-12,126.56
2015-11-13,125.55
2015-11-16,126.65
2015-11-17,127.62
2015-11-18,130.12
2015-11-19,131.24
2015-11-20,131.65
2015-11-23,130.38
2015-11-24,131.81
2015-11-25,132.08
2015-11-26,132.08
2015-11-27,133.01
2015-11-30,134.41
2015-12-01,135.82
2015-12-02,134.59
2015-12-03,133.55
2015-12-04,136.12
2015-12-07,135.04
2015-12-08,134.39
2015-12-09,133.23
2015-12-10,133.93
2015-12-11,131.46
2015-12-14,130.99
2015-12-15,132.82
2015-12-16,133.75
2015-12-17,132.0
2015-12-18,129.91
2015-12-21,132.1
2015-12-22,132.73
2015-12-23,133.73
2015-12-24,134.14
2015-12-25,134.14
2015-12-28,133.69
2015-12-29,135.19
2015-12-30,133.77
2015-12-31,131.63
2016-01-01,131.63
2016-01-04,130.09
2016-01-05,128.91
2016-01-06,125.53
2016-01-07,121.19
2016-01-08,119.29
2016-01-11,120.24
2016-01-12,121.6
2016-01-13,117.9
2016-01-14,119.9
2016-01-15,113.25
2016-01-18,113.25
2016-01-19,113.13
2016-01-20,114.03
2016-01-21,115.39
2016-01-22,117.09
2016-01-25,115.74
2016-01-26,117.03
2016-01-27,115.86
2016-01-28,116.32
2016-01-29,121.25
2016-02-01,121.28
2016-02-02,116.91
2016-02-03,116.1
2016-02-04,118.37
2016-02-05,114.41
2016-02-08,111.85
2016-02-09,111.5
2016-02-10,110.63
2016-02-11,109.77
2016-02-12,112.02
2016-02-15,112.02
2016-02-16,114.97
2016-02-17,117.56
2016-02-18,116.75
2016-02-19,116.48
2016-02-22,118.54
2016-02-23,116.63
2016-02-24,118.16
2016-02-25,119.59
2016-02-26,120.27
2016-02-29,119.93
2016-03-01,123.17
2016-03-02,123.83
2016-03-03,124.14
2016-03-04,125.03
2016-03-07,125.59
2016-03-08,122.78
2016-03-09,124.06
2016-03-10,124.93
2016-03-11,127.4
2016-03-14,126.67
2016-03-15,126.83
2016-03-16,127.67
2016-03-17,128.83
2016-03-18,130.99
2016-03-21,130.67
2016-03-22,130.83
2016-03-23,129.16
2016-03-24,129.0
2016-03-25,129.0
2016-03-28,128.94
2016-03-29,130.91
2016-03-30,132.17
2016-03-31,131.27
2016-04-01,132.29
2016-04-04,130.89
2016-04-05,130.24
2016-04-06,131.37
2016-04-07,129.21
2016-04-08,129.89
2016-04-11,129.82
2016-04-12,129.94
2016-04-13,132.46
2016-04-14,131.64
2016-04-15,130.45
2016-04-18,130.81
2016-04-19,129.34
2016-04-20,130.78
2016-04-21,129.96
2016-04-22,129.98
2016-04-25,129.02
2016-04-26,130.56
2016-04-27,131.93
2016-04-28,128.73
2016-04-29,125.67
2016-05-02,126.73
2016-05-03,125.43
2016-05-04,123.61
2016-05-05,123.82
2016-05-06,124.18
2016-05-09,123.71
2016-05-10,125.19
2016-05-11,124.82
2016-05-12,122.83
2016-05-13,123.39
2016-05-16,125.36
2016-05-17,124.15
2016-05-18,125.6
2016-05-19,124.46
2016-05-20,128.1
2016-05-23,128.95
2016-05-24,132.3
2016-05-25,133.11
2016-05-26,133.55
2016-05-27,134.54
2016-05-30,134.54
2016-05-31,135.18
2016-06-01,135.78
2016-06-02,135.87
2016-06-03,135.97
2016-06-06,135.93
2016-06-07,136.98
2016-06-08,136.99
2016-06-09,137.24
2016-06-10,135.74
2016-06-13,135.38
2016-06-14,135.46
2016-06-15,134.6
2016-06-16,134.8
2016-06-17,134.01
2016-06-20,135.41
2016-06-21,135.81
2016-06-22,135.56
2016-06-23,138.77
2016-06-24,131.32
2016-06-27,126.54
2016-06-28,129.59
2016-06-29,132.23
2016-06-30,134.88
2016-07-01,133.93
2016-07-04,133.93
2016-07-05,132.15
2016-07-06,132.6
2016-07-07,133.96
2016-07-08,137.73
2016-07-11,139.2
2016-07-12,141.2
2016-07-13,141.37
2016-07-14,142.41
2016-07-15,142.37
2016-07-18,143.3
2016-07-19,143.0
2016-07-20,145.09
2016-07-21,142.08
2016-07-22,142.99
2016-07-25,143.85
2016-07-26,148.14
2016-07-27,147.98
2016-07-28,147.36
2016-07-29,146.82
2016-08-01,147.04
2016-08-02,144.97
2016-08-03,144.93
2016-08-04,146.42
2016-08-05,148.35
2016-08-08,148.27
2016-08-09,148.88
2016-08-10,147.47
2016-08-11,148.19
2016-08-12,148.78
2016-08-15,150.71
2016-08-16,150.03
2016-08-17,149.76
2016-08-18,150.53
2016-08-19,152.35
2016-08-22,152.46
2016-08-23,153.12
2016-08-24,151.8
2016-08-25,152.12
2016-08-26,152.89
2016-08-29,153.55
2016-08-30,153.41
2016-08-31,153.4
2016-09-01,154.51
2016-09-02,154.13
2016-09-05,154.13
2016-09-06,154.3
2016-09-07,153.3
2016-09-08,152.83
2016-09-09,147.55
2016-09-12,150.32
2016-09-13,148.95
2016-09-14,150.14
2016-09-15,153.76
2016-09-16,154.74
2016-09-19,154.39
2016-09-20,153.7
2016-09-21,155.54
2016-09-22,155.97
2016-09-23,154.31
2016-09-26,152.7
2016-09-27,155.15
2016-09-28,155.59
2016-09-29,156.79
2016-09-30,159.09
2016-10-03,158.44
2016-10-04,158.06
2016-10-05,159.65
2016-10-06,160.27
2016-10-07,159.83
2016-10-10,159.28
2016-10-11,156.09
2016-10-12,155.46
2016-10-13,154.03
2016-10-14,155.36
2016-10-17,154.64
2016-10-18,156.39
2016-10-19,153.81
2016-10-20,154.37
2016-10-21,153.67
2016-10-24,155.88
2016-10-25,155.3
2016-10-26,154.82
2016-10-27,154.03
2016-10-28,153.8
2016-10-31,154.5
2016-11-01,153.03
2016-11-02,152.77
2016-11-03,151.84
2016-11-04,151.06
2016-11-07,155.16
2016-11-08,155.71
2016-11-09,155.38
2016-11-10,153.14
2016-11-11,157.02
2016-11-14,156.49
2016-11-15,158.89
2016-11-16,159.97
2016-11-17,161.4
2016-11-18,161.98
2016-11-21,163.12
2016-11-22,165.17
2016-11-23,165.19
2016-11-24,165.19
2016-11-25,165.74
2016-11-28,165.38
2016-11-29,164.98
2016-11-30,163.17
2016-12-01,156.67
2016-12-02,158.44
2016-12-05,159.88
2016-12-06,161.34
2016-12-07,164.57
2016-12-08,165.7
2016-12-09,165.66
2016-12-12,164.91
2016-12-13,166.95
2016-12-14,166.63
2016-12-15,169.0
2016-12-16,167.55
2016-12-19,169.22
2016-12-20,170.73
2016-12-21,170.48
2016-12-22,171.1
2016-12-23,171.87
2016-12-26,171.87
2016-12-27,173.6
2016-12-28,170.67
2016-12-29,170.74
2016-12-30,168.33
2017-01-02,168.33
2017-01-03,168.69
2017-01-04,169.01
2017-01-05,167.58
2017-01-06,168.6
2017-01-09,169.92
2017-01-10,170.71
2017-01-11,171.47
2017-01-12,170.27
2017-01-13,171.37
2017-01-16,171.37
2017-01-17,169.53
2017-01-18,171.11
2017-01-19,170.47
2017-01-20,172.4
2017-01-23,172.39
2017-01-24,176.0
2017-01-25,178.11
2017-01-26,177.72
2017-01-27,179.83
2017-01-30,178.34
2017-01-31,176.03
2017-02-01,177.83
2017-02-02,178.12
2017-02-03,178.86
2017-02-06,178.85
2017-02-07,179.41
2017-02-08,179.87
2017-02-09,178.12
2017-02-10,177.71
2017-02-13,178.27
2017-02-14,178.0
2017-02-15,179.17
2017-02-16,179.56
2017-02-17,180.44
2017-02-20,180.44
2017-02-21,182.45
2017-02-22,181.95
2017-02-23,179.81
2017-02-24,180.41
2017-02-27,181.51
2017-02-28,179.43
2017-03-01,181.58
2017-03-02,180.55
2017-03-03,180.62
2017-03-06,180.28
2017-03-07,180.92
2017-03-08,180.85
2017-03-09,181.21
2017-03-10,182.8
2017-03-13,183.11
2017-03-14,182.74
2017-03-15,183.99
2017-03-16,183.78
2017-03-17,184.44
2017-03-20,185.31
2017-03-21,181.52
2017-03-22,183.23
2017-03-23,182.96
2017-03-24,183.96
2017-03-27,184.42
2017-03-28,184.96
2017-03-29,184.78
2017-03-30,185.78
2017-03-31,185.93
2017-04-03,185.42
2017-04-04,184.7
2017-04-05,183.4
2017-04-06,183.64
2017-04-07,184.17
2017-04-10,182.86
2017-04-11,181.86
2017-04-12,179.56
2017-04-13,178.4
2017-04-14,178.4
2017-04-17,180.45
2017-04-18,181.25
2017-04-19,182.55
2017-04-20,185.22
2017-04-21,184.55
2017-04-24,187.14
2017-04-25,188.85
2017-04-26,187.78
2017-04-27,190.01
2017-04-28,186.09
2017-05-01,187.7
2017-05-02,187.25
2017-05-03,187.32
2017-05-04,187.22
2017-05-05,188.1
2017-05-08,187.29
2017-05-09,188.4
2017-05-10,191.82
2017-05-11,192.37
2017-05-12,192.59
2017-05-15,195.27
2017-05-16,197.55
2017-05-17,189.76
2017-05-18,192.64
2017-05-19,194.07
2017-05-22,196.23
2017-05-23,195.64
2017-05-24,197.01
2017-05-25,198.08
2017-05-26,199.01
2017-05-29,199.01
2017-05-30,199.95
2017-05-31,200.06
2017-06-01,199.66
2017-06-02,202.1
2017-06-05,202.4
2017-06-06,202.85
2017-06-07,204.3
2017-06-08,207.49
2017-06-09,199.47
2017-06-12,198.71
2017-06-13,199.86
2017-06-14,197.83
2017-06-15,196.26
2017-06-16,195.65
2017-06-19,199.33
2017-06-20,196.71
2017-06-21,198.21
2017-06-22,197.45
2017-06-23,197.68
2017-06-26,196.13
2017-06-27,191.46
2017-06-28,195.05
2017-06-29,190.39
2017-06-30,189.63
2017-07-03,187.23
2017-07-04,187.23
2017-07-05,190.89
2017-07-06,189.95
2017-07-07,193.11
2017-07-10,194.85
2017-07-11,196.54
2017-07-12,199.55
2017-07-13,199.21
2017-07-14,201.98
2017-07-17,201.25
2017-07-18,202.06
2017-07-19,203.25
2017-07-20,204.36
2017-07-21,203.2
2017-07-24,202.42
2017-07-25,202.28
2017-07-26,204.17
2017-07-27,201.57
2017-07-28,201.06
2017-07-31,199.84
2017-08-01,201.66
2017-08-02,200.53
2017-08-03,199.56
2017-08-04,199.55
2017-08-07,202.57
2017-08-08,201.99
2017-08-09,201.66
2017-08-10,196.34
2017-08-11,196.49
2017-08-14,201.3
2017-08-15,201.13
2017-08-16,201.44
2017-08-17,196.64
2017-08-18,197.16
2017-08-21,195.86
2017-08-22,198.35
2017-08-23,198.99
2017-08-24,198.79
2017-08-25,197.58
2017-08-28,198.13
2017-08-29,198.52
2017-08-30,201.51
2017-08-31,203.36
2017-09-01,204.0
2017-09-04,204.0
2017-09-05,201.76
2017-09-06,202.65
2017-09-07,202.68
2017-09-08,200.49
2017-09-11,204.49
2017-09-12,205.68
2017-09-13,206.24
2017-09-14,207.02
2017-09-15,210.55
2017-09-18,213.0
2017-09-19,213.75
2017-09-20,211.15
2017-09-21,210.12
2017-09-22,211.04
2017-09-25,207.49
2017-09-26,207.8
2017-09-27,212.19
2017-09-28,213.98
2017-09-29,215.82
2017-10-02,217.55
2017-10-03,218.26
2017-10-04,218.78
2017-10-05,219.02
2017-10-06,220.07
2017-10-09,221.67
2017-10-10,222.53
2017-10-11,223.33
2017-10-12,222.95
2017-10-13,224.59
2017-10-16,225.85
2017-10-17,225.46
2017-10-18,226.79
2017-10-19,226.1
2017-10-20,227.52
2017-10-23,228.44
2017-10-24,229.77
2017-10-25,227.16
2017-10-26,228.73
2017-10-27,235.43
2017-10-30,235.85
2017-10-31,239.36
2017-11-01,239.11
2017-11-02,239.78
2017-11-03,241.0
2017-11-06,243.4
2017-11-07,243.08
2017-11-08,243.52
2017-11-09,239.45
2017-11-10,240.93
2017-11-13,241.0
2017-11-14,241.02
2017-11-15,238.85
2017-11-16,242.3
2017-11-17,240.39
2017-11-20,242.99
2017-11-21,245.66
2017-11-22,243.61
2017-11-23,243.61
2017-11-24,245.56
2017-11-27,243.08
2017-11-28,242.77
2017-11-29,233.32
2017-11-30,235.44
2017-12-01,233.29
2017-12-04,227.75
2017-12-05,226.99
2017-12-06,227.9
2017-12-07,229.7
2017-12-08,229.18
2017-12-11,230.3
2017-12-12,227.96
2017-12-13,227.94
2017-12-14,227.96
2017-12-15,232.38
2017-12-18,237.87
2017-12-19,238.33
2017-12-20,240.39
2017-12-21,237.51
2017-12-22,237.19
2017-12-25,237.19
2017-12-26,234.95
2017-12-27,235.6
2017-12-28,236.0
2017-12-29,233.98
2018-01-01,233.98
2018-01-02,239.72
2018-01-03,242.24
2018-01-04,242.52
2018-01-05,243.77
2018-01-08,245.81
2018-01-09,242.94
2018-01-10,239.75
2018-01-11,241.81
2018-01-12,242.72
2018-01-15,242.72
2018-01-16,242.24
2018-01-17,249.2
2018-01-18,249.36
2018-01-19,250.15
2018-01-22,251.88
2018-01-23,253.86
2018-01-24,248.03
2018-01-25,244.87
2018-01-26,255.03
2018-01-29,254.18
2018-01-30,248.78
2018-01-31,249.59
2018-02-01,247.46
2018-02-02,240.58
2018-02-05,229.96
2018-02-06,237.17
2018-02-07,233.55
2018-02-08,223.21
2018-02-09,230.15
2018-02-12,233.94
2018-02-13,233.92
2018-02-14,239.06
2018-02-15,242.82
2018-02-16,242.12
2018-02-19,242.12
2018-02-20,246.89
2018-02-21,244.08
2018-02-22,244.04
2018-02-23,249.61
2018-02-26,254.1
2018-02-27,254.03
2018-02-28,251.62
2018-03-01,246.3
2018-03-02,251.1
2018-03-05,253.27
2018-03-06,258.2
2018-03-07,258.94
2018-03-08,258.92
2018-03-09,264.51
2018-03-12,266.65
2018-03-13,264.49
2018-03-14,264.45
2018-03-15,263.62
2018-03-16,263.74
2018-03-19,259.01
2018-03-20,262.12
2018-03-21,262.8
2018-03-22,256.16
2018-03-23,247.78
2018-03-26,258.76
2018-03-27,249.15
2018-03-28,243.25
2018-03-29,249.98
2018-03-30,249.98
2018-04-02,239.36
2018-04-03,243.83
2018-04-04,246.59
2018-04-05,244.09
2018-04-06,236.87
2018-04-09,238.66
2018-04-10,246.91
2018-04-11,246.67
2018-04-12,252.13
2018-04-13,249.93
2018-04-16,251.14
2018-04-17,255.98
2018-04-18,254.49
2018-04-19,245.14
2018-04-20,242.52
2018-04-23,238.99
2018-04-24,236.96
2018-04-25,237.1
2018-04-26,242.61
2018-04-27,240.85
2018-04-30,237.69
2018-05-01,242.42
2018-05-02,240.53
2018-05-03,240.87
2018-05-04,246.11
2018-05-07,248.75
2018-05-08,250.69
2018-05-09,254.43
2018-05-10,258.58
2018-05-11,256.24
2018-05-14,259.59
2018-05-15,255.99
2018-05-16,259.22
2018-05-17,258.2
2018-05-18,254.1
2018-05-21,256.8
2018-05-22,258.27
2018-05-23,259.92
2018-05-24,260.25
2018-05-25,263.03
2018-05-28,263.03
2018-05-29,262.77
2018-05-30,264.19
2018-05-31,261.56
2018-06-01,267.84
2018-06-04,269.33
2018-06-05,270.66
2018-06-06,271.89
2018-06-07,269.74
2018-06-08,267.69
2018-06-11,266.43
2018-06-12,267.39
2018-06-13,266.79
2018-06-14,268.6
2018-06-15,267.83
2018-06-18,263.94
2018-06-19,261.49
2018-06-20,263.26
2018-06-21,259.69
2018-06-22,258.11
2018-06-25,249.5
2018-06-26,249.71
2018-06-27,244.04
2018-06-28,246.1
2018-06-29,246.31
2018-07-02,248.36
2018-07-03,243.86
2018-07-04,243.86
2018-07-05,249.73
2018-07-06,252.75
2018-07-09,254.49
2018-07-10,257.41
2018-07-11,251.24
2018-07-12,253.08
2018-07-13,251.91
2018-07-16,250.92
2018-07-17,253.68
2018-07-18,254.78
2018-07-19,253.6
2018-07-20,252.51
2018-07-23,252.93
2018-07-24,250.85
2018-07-25,251.99
2018-07-26,253.43
2018-07-27,248.3
2018-07-30,245.91
2018-07-31,247.04
2018-08-01,247.15
2018-08-02,249.96
2018-08-03,250.64
2018-08-06,251.43
2018-08-07,253.83
2018-08-08,254.67
2018-08-09,252.54
2018-08-10,246.94
2018-08-13,246.63
2018-08-14,246.14
2018-08-15,242.35
2018-08-16,241.75
2018-08-17,238.97
2018-08-20,238.54
2018-08-21,243.65
2018-08-22,244.4
2018-08-23,244.63
2018-08-24,248.11
2018-08-27,252.12
2018-08-28,252.53
2018-08-29,253.35
2018-08-30,251.56
2018-08-31,252.8
2018-09-03,252.8
2018-09-04,253.08
2018-09-05,250.9
2018-09-06,244.96
2018-09-07,243.78
2018-09-10,245.18
2018-09-11,240.89
2018-09-12,238.18
2018-09-13,241.35
2018-09-14,243.19
2018-09-17,240.55
2018-09-18,242.67
2018-09-19,243.48
2018-09-20,246.26
2018-09-21,245.33
2018-09-24,246.08
2018-09-25,242.36
2018-09-26,240.18
2018-09-27,241.24
2018-09-28,244.95
2018-10-01,245.2
2018-10-02,246.59
2018-10-03,247.44
2018-10-04,242.84
2018-10-05,237.04
2018-10-08,234.62
2018-10-09,233.96
2018-10-10,223.56
2018-10-11,220.75
2018-10-12,225.56
2018-10-15,222.81
2018-10-16,230.15
2018-10-17,228.98
2018-10-18,223.73
2018-10-19,219.29
2018-10-22,220.97
2018-10-23,218.86
2018-10-24,204.36
2018-10-25,210.07
2018-10-26,207.4
2018-10-29,204.24
2018-10-30,214.0
2018-10-31,216.19
2018-11-01,225.96
2018-11-02,222.18
2018-11-05,221.3
2018-11-06,222.55
2018-11-07,226.32
2018-11-08,226.49
2018-11-09,222.54
2018-11-12,212.59
2018-11-13,216.43
2018-11-14,216.45
2018-11-15,223.39
2018-11-16,219.04
2018-11-19,210.01
2018-11-20,210.43
2018-11-21,210.17
2018-11-22,210.17
2018-11-23,209.53
2018-11-26,213.88
2018-11-27,214.77
2018-11-28,219.61
2018-11-29,216.82
2018-11-30,221.69
2018-12-03,227.02
2018-12-04,214.96
2018-12-05,214.96
2018-12-06,215.1
2018-12-07,205.99
2018-12-10,209.42
2018-12-11,210.33
2018-12-12,213.14
2018-12-13,212.76
2018-12-14,209.73
2018-12-17,206.69
2018-12-18,209.44
2018-12-19,199.97
2018-12-20,198.31
2018-12-21,195.37
2018-12-24,189.52
2018-12-25,189.52
2018-12-26,200.61
2018-12-27,202.16
2018-12-28,203.52
2018-12-31,204.84
2019-01-01,204.84
2019-01-02,206.43
2019-01-03,193.87
2019-01-04,203.43
2019-01-07,207.3
2019-01-08,206.68
2019-01-09,211.29
2019-01-10,213.85
2019-01-11,215.83
2019-01-14,212.92
2019-01-15,213.99
2019-01-16,212.31
2019-01-17,214.75
2019-01-18,219.69
2019-01-21,219.69
2019-01-22,213.49
2019-01-23,212.58
2019-01-24,224.38
2019-01-25,225.93
2019-01-28,220.87
2019-01-29,218.5
2019-01-30,224.08
2019-01-31,224.04
2019-02-01,227.54
2019-02-04,229.12
2019-02-05,230.49
2019-02-06,235.29
2019-02-07,230.21
2019-02-08,230.1
2019-02-11,230.69
2019-02-12,236.03
2019-02-13,237.74
2019-02-14,238.62
2019-02-15,240.47
2019-02-18,240.47
2019-02-19,239.67
2019-02-20,241.3
2019-02-21,239.7
2019-02-22,242.79
2019-02-25,244.94
2019-02-26,243.54
2019-02-27,240.89
2019-02-28,240.61
2019-03-01,242.64
2019-03-04,243.47
2019-03-05,242.26
2019-03-06,237.76
2019-03-07,235.33
2019-03-08,235.31
2019-03-11,240.99
2019-03-12,241.75
2019-03-13,243.69
2019-03-14,241.41
2019-03-15,247.95
2019-03-18,247.25
2019-03-19,250.17
2019-03-20,247.47
2019-03-21,255.4
2019-03-22,247.93
2019-03-25,244.86
2019-03-26,247.36
2019-03-27,244.32
2019-03-28,244.11
2019-03-29,247.65
2019-04-01,253.23
2019-04-02,253.37
2019-04-03,258.95
2019-04-04,259.41
2019-04-05,260.78
2019-04-08,261.39
2019-04-09,258.56
2019-04-10,260.91
2019-04-11,260.88
2019-04-12,264.15
2019-04-15,262.2
2019-04-16,269.49
2019-04-17,274.16
2019-04-18,273.95
2019-04-19,273.95
2019-04-22,274.32
2019-04-23,276.81
2019-04-24,278.85
2019-04-25,273.47
2019-04-26,267.03
2019-04-29,265.47
2019-04-30,267.49
2019-05-01,265.7
2019-05-02,267.53
2019-05-03,270.25
2019-05-06,266.18
2019-05-07,260.1
2019-05-08,257.07
2019-05-09,252.36
2019-05-10,252.34
2019-05-13,241.13
2019-05-14,246.31
2019-05-15,248.31
2019-05-16,244.54
2019-05-17,239.68
2019-05-20,230.8
2019-05-21,235.66
2019-05-22,230.74
2019-05-23,227.61
2019-05-24,225.94
2019-05-27,225.94
2019-05-28,223.19
2019-05-29,224.35
2019-05-30,226.07
2019-05-31,222.42
2019-06-03,222.34
2019-06-04,231.82
2019-06-05,230.31
2019-06-06,233.34
2019-06-07,236.3
2019-06-10,242.04
2019-06-11,242.76
2019-06-12,237.43
2019-06-13,239.14
2019-06-14,233.42
2019-06-17,232.43
2019-06-18,242.01
2019-06-19,241.9
2019-06-20,243.91
2019-06-21,242.46
2019-06-24,243.0
2019-06-25,239.62
2019-06-26,247.44
2019-06-27,250.1
2019-06-28,250.91
2019-07-01,256.01
2019-07-02,253.08
2019-07-03,252.54
2019-07-04,252.54
2019-07-05,251.04
2019-07-08,249.01
2019-07-09,250.46
2019-07-10,252.05
2019-07-11,253.13
2019-07-12,258.42
2019-07-15,260.18
2019-07-16,257.2
2019-07-17,257.55
2019-07-18,260.55
2019-07-19,260.38
2019-07-22,265.48
2019-07-23,268.45
2019-07-24,276.83
2019-07-25,272.3
2019-07-26,271.95
2019-07-29,273.19
2019-07-30,272.19
2019-07-31,264.0
2019-08-01,258.9
2019-08-02,254.84
2019-08-05,244.17
2019-08-06,246.22
2019-08-07,247.68
2019-08-08,253.72
2019-08-09,249.1
2019-08-12,246.37
2019-08-13,253.61
2019-08-14,246.2
2019-08-15,245.33
2019-08-16,251.98
2019-08-19,256.97
2019-08-20,255.29
2019-08-21,258.01
2019-08-22,257.78
2019-08-23,246.41
2019-08-26,248.85
2019-08-27,248.27
2019-08-28,249.52
2019-08-29,255.25
2019-08-30,257.02
2019-09-02,257.02
2019-09-03,252.65
2019-09-04,260.13
2019-09-05,267.86
2019-09-06,268.69
2019-09-09,270.21
2019-09-10,271.3
2019-09-11,275.35
2019-09-12,276.2
2019-09-13,274.51
2019-09-16,272.61
2019-09-17,273.25
2019-09-18,273.12
2019-09-19,271.74
2019-09-20,266.94
2019-09-23,269.14
2019-09-24,264.25
2019-09-25,268.99
2019-09-26,268.66
2019-09-27,263.02
2019-09-30,265.51
2019-10-01,262.87
2019-10-02,258.59
2019-10-03,263.1
2019-10-04,267.88
2019-10-07,265.82
2019-10-08,257.9
2019-10-09,262.21
2019-10-10,264.52
2019-10-11,270.36
2019-10-14,269.78
2019-10-15,276.01
2019-10-16,272.85
2019-10-17,273.41
2019-10-18,270.27
2019-10-21,275.06
2019-10-22,273.0
2019-10-23,267.43
2019-10-24,272.77
2019-10-25,281.35
2019-10-28,285.42
2019-10-29,282.9
2019-10-30,282.71
2019-10-31,281.59
2019-11-01,286.3
2019-11-04,292.51
2019-11-05,292.99
2019-11-06,291.1
2019-11-07,293.64
2019-11-08,295.21
2019-11-11,293.82
2019-11-12,294.63
2019-11-13,294.03
2019-11-14,293.38
2019-11-15,295.42
2019-11-18,295.78
2019-11-19,294.34
2019-11-20,291.1
2019-11-21,289.01
2019-11-22,288.6
2019-11-25,295.49
2019-11-26,293.98
2019-11-27,295.72
2019-11-28,295.72
2019-11-29,292.74
2019-12-02,288.39
2019-12-03,283.54
2019-12-04,287.28
2019-12-05,287.83
2019-12-06,292.18
2019-12-09,290.74
2019-12-10,291.54
2019-12-11,297.2
2019-12-12,304.13
2019-12-13,302.62
2019-12-16,304.99
2019-12-17,305.94
2019-12-18,305.6
2019-12-19,308.57
2019-12-20,312.11
2019-12-23,312.62
2019-12-24,313.58
2019-12-25,313.58
2019-12-26,314.09
2019-12-27,313.23
2019-12-30,310.66
2019-12-31,311.81
2020-01-01,311.81
2020-01-02,317.7
2020-01-03,312.75
2020-01-06,310.39
2020-01-07,314.23
2020-01-08,314.14
2020-01-09,316.1
2020-01-10,314.11
2020-01-13,317.93
2020-01-14,318.12
2020-01-15,314.86
2020-01-16,319.97
2020-01-17,322.14
2020-01-20,322.14
2020-01-21,322.61
2020-01-22,326.57
2020-01-23,329.21
2020-01-24,330.09
2020-01-27,317.31
2020-01-28,324.66
2020-01-29,319.2
2020-01-30,319.18
2020-01-31,308.03
2020-02-03,311.52
2020-02-04,319.94
2020-02-05,327.44
2020-02-06,327.55
2020-02-07,320.59
2020-02-10,325.24
2020-02-11,331.06
2020-02-12,335.32
2020-02-13,335.41
2020-02-14,336.02
2020-02-17,336.02
2020-02-18,332.5
2020-02-19,341.15
2020-02-20,335.56
2020-02-21,325.87
2020-02-24,310.15
2020-02-25,299.99
2020-02-26,300.82
2020-02-27,285.68
2020-02-28,291.35
2020-03-02,301.82
2020-03-03,291.22
2020-03-04,305.63
2020-03-05,295.58
2020-03-06,289.27
2020-03-09,264.78
2020-03-10,282.04
2020-03-11,266.93
2020-03-12,237.27
2020-03-13,266.24
2020-03-16,222.52
2020-03-17,245.21
2020-03-18,223.88
2020-03-19,230.97
2020-03-20,224.31
2020-03-23,233.22
2020-03-24,256.96
2020-03-25,252.89
2020-03-26,271.14
2020-03-27,257.67
2020-03-30,268.34
2020-03-31,262.31
2020-04-01,248.63
2020-04-02,257.84
2020-04-03,252.63
2020-04-06,277.22
2020-04-07,275.98
2020-04-08,284.27
2020-04-09,277.66
2020-04-10,277.66
2020-04-13,282.39
2020-04-14,294.23
2020-04-15,286.29
2020-04-16,293.83
2020-04-17,295.26
2020-04-20,288.7
2020-04-21,274.64
2020-04-22,291.04
2020-04-23,287.87
2020-04-24,293.5
2020-04-27,297.15
2020-04-28,294.38
2020-04-29,308.7
2020-04-30,298.4
2020-05-01,284.25
2020-05-04,287.49
2020-05-05,291.89
2020-05-06,294.87
2020-05-07,297.76
2020-05-08,305.38
2020-05-11,306.96
2020-05-12,297.99
2020-05-13,292.54
2020-05-14,300.59
2020-05-15,296.67
2020-05-18,309.34
2020-05-19,308.88
2020-05-20,319.81
2020-05-21,311.65
2020-05-22,314.14
2020-05-25,314.14
2020-05-26,315.15
2020-05-27,319.5
2020-05-28,311.96
2020-05-29,320.45
2020-06-01,317.77
2020-06-02,323.21
2020-06-03,329.24
2020-06-04,332.37
2020-06-05,340.73
2020-06-08,339.74
2020-06-09,339.95
2020-06-10,342.31
2020-06-11,319.76
2020-06-12,322.93
2020-06-15,327.87
2020-06-16,332.71
2020-06-17,335.26
2020-06-18,334.55
2020-06-19,332.36
2020-06-22,335.93
2020-06-23,335.73
2020-06-24,328.65
2020-06-25,331.04
2020-06-26,323.97
2020-06-29,327.56
2020-06-30,337.01
2020-07-01,332.3
2020-07-02,335.87
2020-07-03,335.87
2020-07-06,343.05
2020-07-07,338.81
2020-07-08,343.65
2020-07-09,347.88
2020-07-10,347.85
2020-07-13,340.26
2020-07-14,345.96
2020-07-15,345.57
2020-07-16,343.75
2020-07-17,346.57
2020-07-20,354.09
2020-07-21,351.14
2020-07-22,352.94
2020-07-23,346.91
2020-07-24,335.19
2020-07-27,341.82
2020-07-28,336.12
2020-07-29,342.02
2020-07-30,349.16
2020-07-31,347.77
2020-08-02,347.77
2020-08-03,354.74
2020-08-04,361.24
2020-08-05,361.06
2020-08-06,360.61
2020-08-07,356.43
2020-08-10,357.26
2020-08-11,352.11
2020-08-12,364.72
2020-08-13,360.71
2020-08-14,361.53
2020-08-17,367.07
2020-08-18,364.94
2020-08-19,362.53
2020-08-20,361.32
2020-08-21,365.37
2020-08-24,368.04
2020-08-25,371.4
2020-08-26,372.07
2020-08-27,367.78
2020-08-28,376.33
2020-08-31,377.91
2020-09-01,384.8
2020-09-02,395.82
2020-09-03,371.72
2020-09-04,368.07
2020-09-07,368.07
2020-09-08,351.16
2020-09-09,362.24
2020-09-10,355.88
2020-09-11,355.22
2020-09-14,363.63
2020-09-15,368.5
2020-09-16,364.59
2020-09-17,364.33
2020-09-18,358.72
2020-09-21,359.61
2020-09-22,363.58
2020-09-23,353.82
2020-09-24,357.73
2020-09-25,364.62
2020-09-28,373.87
2020-09-29,375.15
2020-09-30,377.04
2020-10-01,383.37
2020-10-02,371.07
2020-10-05,383.48
2020-10-06,382.11
2020-10-07,389.89
2020-10-08,392.94
2020-10-09,396.1494364
2020-10-12,403.57
2020-10-13,403.61
2020-10-14,401.49
2020-10-15,400.47
2020-10-16,398.91
2020-10-19,395.71
2020-10-20,395.63
2020-10-21,392.4
2020-10-22,392.77
2020-10-23,389.2
2020-10-26,380.06
2020-10-27,378.81
2020-10-28,364.65
2020-10-29,374.11
2020-10-30,367.38
2020-11-02,368.95
2020-11-03,376.56
2020-11-04,391.08
2020-11-05,407.04
2020-11-06,413.1
2020-11-09,405.68
2020-11-10,392.49
2020-11-11,406.84
2020-11-12,402.03
2020-11-13,404.94
2020-11-16,413.97
2020-11-17,410.77
2020-11-18,407.77
2020-11-19,413.58
2020-11-20,409.94
2020-11-23,414.81
2020-11-24,417.16
2020-11-25,417.12
2020-11-26,417.12
2020-11-27,420.83
2020-11-30,427.24
2020-12-01,433.46
2020-12-02,435.66
2020-12-03,435.47
2020-12-04,447.07
2020-12-07,447.17
2020-12-08,447.52
2020-12-09,435.4
2020-12-10,435.64
2020-12-11,430.69
2020-12-14,436.85
2020-12-15,442.19
2020-12-16,441.9
2020-12-17,442.36
2020-12-18,438.04
2020-12-21,434.91
2020-12-22,434.2
2020-12-23,430.55
2020-12-24,433.84
2020-12-25,433.84
2020-12-28,432.7
2020-12-29,433.04
2020-12-30,439.17
2020-12-31,441.43
2021-01-01,441.43
2021-01-04,438.85
2021-01-05,447.82
2021-01-06,443.74
2021-01-07,460.96
2021-01-08,460.48
2021-01-11,465.9
2021-01-12,468.16
2021-01-13,470.85
2021-01-14,477.54
2021-01-15,467.23
2021-01-18,467.23
2021-01-19,480.72
2021-01-20,481.27
2021-01-21,490.56
2021-01-22,480.29
2021-01-25,479.87
2021-01-26,473.9
2021-01-27,450.49
2021-01-28,458.97
2021-01-29,452.69
2021-02-01,468.09
2021-02-02,476.53
2021-02-03,467.77
2021-02-04,470.7
2021-02-05,466.96
2021-02-08,482.92
2021-02-09,480.03
2021-02-10,483.0
2021-02-11,498.26
2021-02-12,503.11
2021-02-15,503.11
2021-02-16,506.76
2021-02-17,497.82
2021-02-18,493.7
2021-02-19,503.93
2021-02-22,484.78
2021-02-23,482.19
2021-02-24,497.9
2021-02-25,468.55
2021-02-26,479.09
2021-03-01,493.64
2021-03-02,479.03
2021-03-03,463.91
2021-03-04,444.32
2021-03-05,456.37
2021-03-08,433.05
2021-03-09,459.48
2021-03-10,453.03
2021-03-11,469.91
2021-03-12,465.12
2021-03-15,474.9
2021-03-16,481.16
2021-03-17,486.61
2021-03-18,466.72
2021-03-19,471.69
2021-03-22,481.6
2021-03-23,469.14
2021-03-24,461.68
2021-03-25,461.5
2021-03-26,482.42
2021-03-29,476.24
2021-03-30,473.86
2021-03-31,485.93
2021-04-01,502.71
2021-04-02,502.71
2021-04-05,513.1
2021-04-06,507.32
2021-04-07,509.03
2021-04-08,514.24
2021-04-09,514.55
2021-04-12,510.76
2021-04-13,511.64
2021-04-14,504.36
2021-04-15,515.89
2021-04-16,512.72
2021-04-19,499.82
2021-04-20,492.17
2021-04-21,503.85
2021-04-22,491.32
2021-04-23,499.39
2021-04-26,507.24
2021-04-27,503.73
2021-04-28,496.38
2021-04-29,500.89
2021-04-30,487.74
2021-05-03,481.94
2021-05-04,474.2
2021-05-05,476.67
2021-05-06,479.76
2021-05-07,487.04
2021-05-10,465.2
2021-05-11,465.69
2021-05-12,446.99
2021-05-13,451.89
2021-05-14,465.51
2021-05-17,462.72
2021-05-18,458.21
2021-05-19,466.3
2021-05-20,478.94
2021-05-21,478.76
2021-05-24,490.41
2021-05-25,491.58
2021-05-26,492.57
2021-05-27,494.89
2021-05-28,500.97
2021-05-31,500.97
2021-06-01,499.8
2021-06-02,505.03
2021-06-03,497.69
2021-06-04,509.96
2021-06-07,507.23
2021-06-08,503.69
2021-06-09,501.02
2021-06-10,505.9
2021-06-11,509.67
2021-06-14,515.51
2021-06-15,511.32
2021-06-16,507.85
2021-06-17,515.47
2021-06-18,504.82
2021-06-21,505.99
2021-06-22,510.01
2021-06-23,512.04
2021-06-24,520.27
2021-06-25,517.89
2021-06-28,532.57
2021-06-29,535.99
2021-06-30,536.89
2021-07-01,531.0
2021-07-02,535.16
2021-07-05,535.16
2021-07-06,534.13
2021-07-07,525.94
2021-07-08,518.7
2021-07-09,526.31
2021-07-12,533.16
2021-07-13,529.45
2021-07-14,525.68
2021-07-15,513.54
2021-07-16,500.73
2021-07-19,503.54
2021-07-20,508.47
2021-07-21,524.66
2021-07-22,521.2
2021-07-23,522.23
2021-07-26,521.5
2021-07-27,512.84
2021-07-28,521.82
2021-07-29,531.58
2021-07-30,534.43
2021-08-02,537.76
2021-08-03,541.04
2021-08-04,548.06
2021-08-05,547.9
2021-08-06,545.54
2021-08-09,543.03
2021-08-10,535.84
2021-08-11,533.95
2021-08-12,528.67
2021-08-13,533.03
2021-08-16,530.74
2021-08-17,520.61
2021-08-18,512.59
2021-08-19,518.85
2021-08-20,525.41
2021-08-23,541.93
2021-08-24,541.56
2021-08-25,546.1
2021-08-26,544.1
2021-08-27,556.14
2021-08-30,557.28
2021-08-31,552.95
2021-09-01,550.35
2021-09-02,551.1
2021-09-03,555.18
2021-09-06,555.18
2021-09-07,552.74
2021-09-08,545.96
2021-09-09,546.89
2021-09-10,551.55
2021-09-13,554.66
2021-09-14,554.35
2021-09-15,557.43
2021-09-16,558.07
2021-09-17,550.06
2021-09-20,535.78
2021-09-21,536.76
2021-09-22,548.72
2021-09-23,557.38
2021-09-24,555.69
2021-09-27,554.43
2021-09-28,533.31
2021-09-29,526.02
2021-09-30,526.81
2021-10-01,527.93
2021-10-04,513.67
2021-10-05,523.12
2021-10-06,525.55
2021-10-07,531.77
2021-10-08,527.26
2021-10-11,523.77
2021-10-12,517.65
2021-10-13,521.33
2021-10-14,537.75
2021-10-15,540.95
2021-10-18,546.18
2021-10-19,551.7
2021-10-20,550.9
2021-10-21,558.43
2021-10-22,551.13
2021-10-25,556.87
2021-10-26,563.09
2021-10-27,556.64
2021-10-28,567.23
2021-10-29,571.95
2021-11-01,580.75
2021-11-02,588.96
2021-11-03,595.6
2021-11-04,627.35
2021-11-05,633.15
2021-11-08,646.11
2021-11-09,644.94
2021-11-10,624.7
2021-11-11,639.03
2021-11-12,643.5
2021-11-15,641.9
2021-11-16,652.23
2021-11-17,644.34
2021-11-18,663.61
2021-11-19,670.82
2021-11-22,658.42
2021-11-23,656.31
2021-11-24,666.93
2021-11-25,666.93
2021-11-26,646.99
2021-11-29,675.87
2021-11-30,662.85
2021-12-01,652.29
2021-12-02,655.47
2021-12-03,646.13
2021-12-06,643.19
2021-12-07,678.39
2021-12-08,673.08
2021-12-09,655.24
2021-12-10,659.26
2021-12-13,636.88
2021-12-14,635.35
2021-12-15,664.23
2021-12-16,632.74
2021-12-17,629.23
2021-12-20,624.98
2021-12-21,647.9
2021-12-22,653.53
2021-12-23,660.54
2021-12-24,660.54
2021-12-27,681.22
2021-12-28,672.42
2021-12-29,671.86
2021-12-30,663.25
2021-12-31,661.36
2022-01-03,674.98
2022-01-04,667.39
2022-01-05,643.54
2022-01-06,649.35
2022-01-07,629.45
2022-01-10,632.34
2022-01-11,643.41
2022-01-12,647.57
2022-01-13,628.68
2022-01-14,642.77
2022-01-17,642.77
2022-01-18,615.15
2022-01-19,596.26
2022-01-20,575.92
2022-01-21,565.58
2022-01-24,571.57
2022-01-25,550.42
2022-01-26,560.42
2022-01-27,536.07
2022-01-28,548.69
2022-01-31,578.8
2022-02-01,583.25
2022-02-02,599.4
2022-02-03,572.76
2022-02-04,576.14
2022-02-07,577.11
2022-02-08,589.87
2022-02-09,612.98
2022-02-10,592.84
2022-02-11,560.63
2022-02-14,562.89
2022-02-15,596.89
2022-02-16,596.63
2022-02-17,570.21
2022-02-18,561.22
2022-02-21,561.2219
2022-02-22,557.18
2022-02-23,541.49
2022-02-24,565.58
2022-02-25,575.32
2022-02-28,574.95
2022-03-01,553.24
2022-03-02,571.87
2022-03-03,559.51
2022-03-04,546.64
2022-03-07,517.89
2022-03-08,525.89
2022-03-09,548.61
2022-03-10,537.58
2022-03-11,526.44
2022-03-14,509.5
2022-03-15,534.44
2022-03-16,561.94
2022-03-17,565.79
2022-03-18,581.96
2022-03-21,582.66
2022-03-22,585.16
2022-03-23,570.38
2022-03-24,604.77
2022-03-25,601.8
2022-03-28,606.78
2022-03-29,619.06
2022-03-30,599.61
2022-03-31,586.5
2022-04-01,575.24
2022-04-04,586.21
2022-04-05,559.73
2022-04-06,542.77
2022-04-07,542.7
2022-04-08,527.43
2022-04-11,513.23
2022-04-12,510.22
2022-04-13,521.97
2022-04-14,505.57
2022-04-15,505.57
2022-04-18,515.66
2022-04-19,526.5
2022-04-20,521.18
2022-04-21,504.48
2022-04-22,492.52
2022-04-25,501.37
2022-04-26,479.3
2022-04-27,476.55
2022-04-28,504.21
2022-04-29,479.83
2022-05-02,498.5
2022-05-03,501.3
2022-05-04,521.2
2022-05-05,494.0
2022-05-06,490.74
2022-05-09,463.43
2022-05-10,475.36
2022-05-11,459.16
2022-05-12,458.96
2022-05-13,484.35
2022-05-16,476.53
2022-05-17,500.69
2022-05-18,473.65
2022-05-19,471.63
2022-05-20,467.46
2022-05-23,469.9
2022-05-24,457.32
2022-05-25,468.51
2022-05-26,487.98
2022-05-27,508.0
2022-05-30,508.0
2022-05-31,505.48
2022-06-01,497.61
2022-06-02,517.57
2022-06-03,500.86
2022-06-06,500.07
2022-06-07,504.6
2022-06-08,492.63
2022-06-09,479.3
2022-06-10,460.54
2022-06-13,433.78
2022-06-14,436.66
2022-06-15,445.81
2022-06-16,419.05
2022-06-17,421.25
2022-06-20,421.25
2022-06-21,433.53
2022-06-22,428.83
2022-06-23,425.63
2022-06-24,444.52
2022-06-27,443.32
2022-06-28,431.41
2022-06-29,421.9
2022-06-30,416.85
2022-07-01,401.62
2022-07-04,401.62
2022-07-05,407.07
2022-07-06,410.48
2022-07-07,428.3
2022-07-08,429.84
2022-07-11,417.93
2022-07-12,418.47
2022-07-13,421.11
2022-07-14,429.32
2022-07-15,439.77
2022-07-18,439.25
2022-07-19,459.75
2022-07-20,472.71
2022-07-21,479.36
2022-07-22,466.34
2022-07-25,462.68
2022-07-26,454.63
2022-07-27,477.44
2022-07-28,480.86
2022-07-29,483.06
2022-08-01,486.93
2022-08-02,486.6
2022-08-03,498.33
2022-08-04,503.79
2022-08-05,499.0
2022-08-08,486.91
2022-08-09,466.17
2022-08-10,486.3
2022-08-11,484.67
2022-08-12,500.01
2022-08-15,502.64
2022-08-16,497.77
2022-08-17,485.14
2022-08-18,495.82
2022-08-19,480.19
2022-08-22,461.81
2022-08-23,464.18
2022-08-24,464.66
2022-08-25,482.09
2022-08-26,451.73
2022-08-29,442.98
2022-08-30,436.01
2022-08-31,429.56
2022-09-01,417.93
2022-09-02,413.11
2022-09-05,413.11
2022-09-06,408.2
2022-09-07,414.61
2022-09-08,421.69
2022-09-09,431.96
2022-09-12,433.67
2022-09-13,404.6
2022-09-14,408.16
2022-09-15,401.75
2022-09-16,404.6
2022-09-19,407.3
2022-09-20,401.42
2022-09-21,398.28
2022-09-22,386.7
2022-09-23,381.65
2022-09-26,375.49
2022-09-27,379.54
2022-09-28,384.99
2022-09-29,372.38
2022-09-30,366.66
2022-10-03,380.54
2022-10-04,396.69
2022-10-05,399.7
2022-10-06,397.19
2022-10-07,372.89
2022-10-10,360.23
2022-10-11,353.16
2022-10-12,350.25
2022-10-13,361.49
2022-10-14,345.63
2022-10-17,354.73
2022-10-18,355.53
2022-10-19,357.65
2022-10-20,359.99
2022-10-21,372.53
2022-10-24,375.0
2022-10-25,384.79
2022-10-26,379.39
2022-10-27,375.63
2022-10-28,392.54
2022-10-31,385.27
2022-11-01,387.67
2022-11-02,376.16
2022-11-03,372.11
2022-11-04,389.41
2022-11-07,397.03
2022-11-08,404.07
2022-11-09,389.56
2022-11-10,430.38
2022-11-11,443.46
2022-11-14,439.64
2022-11-15,450.6
2022-11-16,431.42
2022-11-17,433.3
2022-11-18,432.62
2022-11-21,426.25
2022-11-22,440.25
2022-11-23,446.17
2022-11-24,446.17
2022-11-25,440.41
2022-11-28,429.27
2022-11-29,427.7
2022-11-30,454.12
2022-12-01,452.05
2022-12-02,446.4
2022-12-05,440.76
2022-12-06,429.76
2022-12-07,429.63
2022-12-08,443.13
2022-12-09,439.34
2022-12-12,449.24
2022-12-13,457.51
2022-12-14,449.92
2022-12-15,432.0
2022-12-16,427.63
2022-12-19,421.58
2022-12-20,418.7
2022-12-21,428.82
2022-12-22,409.29
2022-12-23,409.22
2022-12-26,409.22
2022-12-27,399.26
2022-12-28,393.95
2022-12-29,406.77
2022-12-30,406.98
2023-01-02,406.98
2023-01-03,401.93
2023-01-04,412.73
2023-01-05,404.29
2023-01-06,423.51
2023-01-09,432.13
2023-01-10,437.63
2023-01-11,441.93
2023-01-12,447.73
2023-01-13,450.35
2023-01-16,450.35
2023-01-17,453.65
2023-01-18,449.67
2023-01-19,437.15
2023-01-20,452.72
2023-01-23,476.26
2023-01-24,473.94
2023-01-25,474.86
2023-01-26,483.02
2023-01-27,481.9
2023-01-30,466.81
2023-01-31,475.78
2023-02-01,501.76
2023-02-02,513.74
2023-02-03,504.37
2023-02-06,497.84
2023-02-07,513.94
2023-02-08,504.13
2023-02-09,503.8
2023-02-10,493.39
2023-02-13,501.76
2023-02-14,513.31
2023-02-15,515.7
2023-02-16,502.14
2023-02-17,493.52
2023-02-20,493.52
2023-02-21,477.37
2023-02-22,475.8
2023-02-23,500.02
2023-02-24,492.06
2023-02-27,494.95
2023-02-28,495.62
2023-03-01,493.45
2023-03-02,500.09
2023-03-03,508.83
2023-03-06,503.39
2023-03-07,498.0
2023-03-08,511.59
2023-03-09,501.13
2023-03-10,492.71
2023-03-13,492.37
2023-03-14,509.35
2023-03-15,506.86
2023-03-16,528.66
2023-03-17,527.37
2023-03-20,531.85
2023-03-21,532.39
2023-03-22,530.29
2023-03-23,544.0
2023-03-24,536.23
2023-03-27,530.49
2023-03-28,526.25
2023-03-29,541.67
2023-03-30,550.43
2023-03-31,555.27
2023-04-03,552.84
2023-04-04,543.11
2023-04-05,533.55
2023-04-06,532.34
2023-04-07,532.34
2023-04-10,542.14
2023-04-11,537.57
2023-04-12,527.07
2023-04-13,529.86
2023-04-14,530.14
2023-04-17,531.63
2023-04-18,535.83
2023-04-19,533.78
2023-04-20,529.88
2023-04-21,527.25
2023-04-24,525.14
2023-04-25,508.63
2023-04-26,513.44
2023-04-27,516.93
2023-04-28,526.67
2023-05-01,534.95
2023-05-02,527.43
2023-05-03,520.62
2023-05-04,517.88
2023-05-05,532.23
2023-05-08,536.28
2023-05-09,527.03
2023-05-10,532.58
2023-05-11,528.7
2023-05-12,526.99
2023-05-15,540.5
2023-05-16,541.68
2023-05-17,555.3
2023-05-18,575.62
2023-05-19,571.14
2023-05-22,571.93
2023-05-24,557.61
2023-05-25,618.98
2023-05-26,651.33
2023-05-29,651.33
2023-05-30,658.06
2023-05-31,636.93
2023-06-01,651.79
2023-06-02,650.02
2023-06-05,641.49
2023-06-06,644.58
2023-06-07,637.45
2023-06-08,647.79
2023-06-09,650.02
2023-06-12,669.41
2023-06-13,681.74
2023-06-14,699.44
2023-06-15,694.0
2023-06-16,689.57
2023-06-19,689.57
2023-06-20,692.11
2023-06-21,675.74
2023-06-22,677.14
2023-06-23,665.01
2023-06-26,657.93
2023-06-27,680.03
2023-06-28,672.02
2023-06-29,672.09
2023-06-30,686.67
2023-07-03,690.85
2023-07-04,690.85
2023-07-05,680.08
2023-07-06,673.37
2023-07-07,674.94
2023-07-10,682.75
2023-07-11,683.37
2023-07-12,699.25
2023-07-13,718.41
2023-07-14,710.51
2023-07-17,726.83
2023-07-18,732.45
2023-07-19,726.43
2023-07-20,702.45
2023-07-21,701.29
2023-07-24,703.19
2023-07-25,716.58
2023-07-26,707.38
2023-07-27,718.39
2023-07-28,733.34
2023-07-31,734.91
2023-08-01,735.81
2023-08-02,705.17
2023-08-03,705.16
2023-08-04,705.41
2023-08-07,714.35
2023-08-08,702.5
2023-08-09,681.8
2023-08-10,678.97
2023-08-11,661.46
2023-08-14,689.33
2023-08-15,683.05
2023-08-16,671.86
2023-08-17,666.92
2023-08-18,669.09
2023-08-21,701.37
2023-08-22,689.92
2023-08-23,707.16
2023-08-24,692.47
2023-08-25,688.56
2023-08-28,697.94
2023-08-29,720.44
2023-08-30,724.64
2023-08-31,730.25
2023-09-01,725.68
2023-09-04,725.68
2023-09-05,725.88
2023-09-06,714.81
2023-09-07,700.23
2023-09-08,694.7
2023-09-11,693.36
2023-09-12,687.75
2023-09-13,694.31
2023-09-14,698.25
2023-09-15,676.13
2023-09-18,678.58
2023-09-19,671.96
2023-09-20,657.3
2023-09-21,642.68
2023-09-22,649.6
2023-09-25,656.04
2023-09-26,647.06
2023-09-27,653.54
2023-09-28,664.95
2023-09-29,668.32
2023-10-02,677.3
2023-10-03,661.98
2023-10-04,670.54
2023-10-05,672.23
2023-10-06,686.34
2023-10-09,683.65
2023-10-10,691.01
2023-10-11,699.73
2023-10-12,703.59
2023-10-13,683.86
2023-10-16,693.43
2023-10-17,677.9
2023-10-18,662.4
2023-10-19,654.17
2023-10-20,644.22
2023-10-23,650.88
2023-10-24,660.46
2023-10-25,633.13
2023-10-26,621.93
2023-10-27,628.65
2023-10-30,629.17
2023-10-31,631.07
2023-11-01,649.78
2023-11-02,666.0
2023-11-03,684.11
2023-11-06,687.32
2023-11-07,692.42
2023-11-08,696.85
2023-11-09,697.18
2023-11-10,722.99
2023-11-13,719.99
2023-11-14,740.88
2023-11-15,739.76
2023-11-16,744.09
2023-11-17,746.17
2023-11-20,759.52
2023-11-21,748.09
2023-11-22,742.69
2023-11-23,742.69
2023-11-24,738.74
2023-11-27,738.79
2023-11-28,733.49
2023-11-29,738.31
2023-11-30,727.37
2023-12-01,728.99
2023-12-04,716.96
2023-12-05,719.25
2023-12-06,709.41
2023-12-07,728.62
2023-12-08,737.81
2023-12-11,754.4
2023-12-12,765.98
2023-12-13,775.49
2023-12-14,789.54
2023-12-15,796.91
2023-12-18,802.87
2023-12-19,802.83
2023-12-20,779.85
2023-12-21,797.83
2023-12-22,798.58
2023-12-25,798.58
2023-12-26,810.41
2023-12-27,811.89
2023-12-28,812.04
2023-12-29,807.99
2024-01-01,807.99
2024-01-02,781.55
2024-01-03,767.47
2024-01-04,765.78
2024-01-05,774.09
2024-01-08,806.65
2024-01-09,812.59
2024-01-10,817.02
2024-01-11,822.89
2024-01-12,820.98
2024-01-15,820.98
2024-01-16,838.03
2024-01-17,831.32
2024-01-18,853.25
2024-01-19,891.3
2024-01-22,893.75
2024-01-23,897.05
2024-01-24,914.02
2024-01-25,912.89
2024-01-26,891.56
2024-01-29,904.61
2024-01-30,896.96
2024-01-31,882.22
2024-02-01,893.5
2024-02-02,917.9
2024-02-05,940.61
2024-02-06,925.98
2024-02-07,945.09
2024-02-08,948.98
2024-02-09,974.29
2024-02-12,973.57
2024-02-13,961.84
2024-02-14,983.26
2024-02-15,976.85
2024-02-16,973.31
2024-02-19,973.31
2024-02-20,946.85
2024-02-21,935.32
2024-02-22,1023.74
2024-02-23,1018.65
2024-02-26,1026.01
2024-02-27,1023.07
2024-02-28,1010.98
2024-02-29,1034.48
2024-03-01,1080.4
2024-03-04,1101.82
2024-03-05,1090.95
2024-03-06,1117.91
2024-03-07,1158.53
2024-03-08,1103.28
2024-03-11,1086.05
2024-03-12,1128.4
2024-03-13,1106.27
2024-03-14,1082.1
2024-03-15,1078.57
2024-03-18,1081.89
2024-03-19,1080.95
2024-03-20,1096.43
2024-03-21,1119.64
2024-03-22,1136.36
2024-03-25,1138.12
2024-03-26,1119.78
2024-03-27,1112.74
2024-03-28,1115.1
2024-03-29,1115.1
2024-04-01,1122.46
2024-04-02,1108.88
2024-04-03,1108.78
2024-04-04,1072.08
2024-04-05,1091.15
2024-04-08,1086.59
2024-04-09,1080.85
2024-04-10,1080.47
2024-04-11,1116.69
2024-04-12,1083.53
2024-04-15,1063.24
2024-04-16,1076.93
2024-04-17,1038.07
2024-04-18,1032.97
2024-04-19,963.14
2024-04-22,990.11
2024-04-23,1017.29
2024-04-24,1007.51
2024-04-25,1034.15
2024-04-26,1075.92
2024-04-29,1079.32
2024-04-30,1059.1
2024-05-01,1019.45
2024-05-02,1046.22
2024-05-03,1076.1
2024-05-06,1108.43
2024-05-07,1095.31
2024-05-08,1096.21
2024-05-09,1082.98
2024-05-10,1095.41
2024-05-13,1100.11
2024-05-14,1116.76
2024-05-15,1154.14
2024-05-16,1149.84
2024-05-17,1134.93
2024-05-20,1160.55
2024-05-21,1161.91
2024-05-22,1163.7
2024-05-23,1210.89
2024-05-24,1237.79
2024-05-27,1237.79
2024-05-28,1289.4
2024-05-29,1282.68
2024-05-30,1252.04
2024-05-31,1241.26
2024-06-03,1271.66
2024-06-04,1276.34
2024-06-05,1337.53
2024-06-06,1323.99
2024-06-07,1322.59
2024-06-10,1335.99
2024-06-11,1332.75
2024-06-12,1373.32
2024-06-13,1417.25
2024-06-14,1432.62
2024-06-17,1443.46
2024-06-18,1474.23
2024-06-19,1474.23
2024-06-20,1428.06
2024-06-21,1392.64
2024-06-24,1324.5
2024-06-25,1377.68
2024-06-26,1377.36
2024-06-27,1359.38
2024-06-28,1363.75
2024-07-01,1369.95
2024-07-02,1368.74
2024-07-03,1414.63
2024-07-04,1414.63
2024-07-05,1400.1
2024-07-08,1427.9
2024-07-09,1446.62
2024-07-10,1479.97
2024-07-11,1414.04
2024-07-12,1430.84
2024-07-15,1428.43
2024-07-16,1417.04
2024-07-17,1320.09
2024-07-18,1341.77
2024-07-19,1305.01
2024-07-22,1360.58
2024-07-23,1349.05
2024-07-24,1265.68
2024-07-25,1241.92
2024-07-26,1257.43
2024-07-29,1245.96
2024-07-30,1178.02
2024-07-31,1297.41
2024-08-01,1205.27
2024-08-02,1165.14
2024-08-05,1116.73
2024-08-06,1142.65
2024-08-07,1093.86
2024-08-08,1163.58
2024-08-09,1162.26
2024-08-12,1190.28
2024-08-13,1255.38
2024-08-14,1266.88
2024-08-15,1322.93
2024-08-16,1331.38
2024-08-19,1373.21
2024-08-20,1350.42
2024-08-21,1364.89
2024-08-22,1317.59
2024-08-23,1365.26
2024-08-26,1330.97
2024-08-27,1347.7
2024-08-28,1320.64
2024-08-29,1271.68
2024-08-30,1298.9
2024-09-02,1298.9
2024-09-03,1188.53
2024-09-04,1181.71
2024-09-05,1182.86
2024-09-06,1128.46
2024-09-09,1160.59
2024-09-10,1180.1
2024-09-11,1257.88
2024-09-12,1271.91
2024-09-13,1282.67
2024-09-16,1261.58
2024-09-17,1255.33
2024-09-18,1236.45
2024-09-19,1285.97
2024-09-20,1271.93
2024-09-23,1276.91
2024-09-24,1310.36
2024-09-25,1330.29
2024-09-26,1353.54
2024-09-27,1326.46
2024-09-30,1322.51
2024-10-01,1278.98
2024-10-02,1298.18
2024-10-03,1324.12
2024-10-04,1347.52
2024-10-07,1360.11
2024-10-08,1399.59
2024-10-09,1408.37
2024-10-10,1416.65
2024-10-11,1417.04
2024-10-14,1445.17
2024-10-15,1376.29
2024-10-16,1400.25
2024-10-17,1412.28
2024-10-18,1417.59
2024-10-21,1449.51
2024-10-22,1446.2
2024-10-23,1413.65
2024-10-24,1420.67
2024-10-25,1433.49
2024-10-28,1427.91
2024-10-29,1450.71
2024-10-30,1419.57
2024-10-31,1358.72
2024-11-01,1377.84
2024-11-04,1378.84
2024-11-05,1411.97
2024-11-06,1465.4
2024-11-07,1497.5
2024-11-08,1487.26
2024-11-11,1458.4
2024-11-12,1466.6
2024-11-13,1442.46
2024-11-14,1442.6
2024-11-15,1394.19
2024-11-18,1391.21
2024-11-19,1429.96
2024-11-20,1417.47
2024-11-21,1429.93
2024-11-22,1403.52
2024-11-25,1375.92
2024-11-26,1374.77
2024-11-27,1355.03
2024-11-28,1355.03
2024-11-29,1380.11
2024-12-02,1397.22
2024-12-03,1406.06
2024-12-04,1441.29
2024-12-05,1429.97
2024-12-06,1426.17
2024-12-09,1402.01
2024-12-10,1363.15
2024-12-11,1408.73
2024-12-12,1391.28
2024-12-13,1425.08
2024-12-16,1443.45
2024-12-17,1418.6
2024-12-18,1378.03
2024-12-19,1374.17
2024-12-20,1405.77
2024-12-23,1457.43
2024-12-24,1472.37
2024-12-25,1472.37
2024-12-26,1476.36
2024-12-27,1452.18
2024-12-30,1440.53
2024-12-31,1415.3
2025-01-01,1415.3
2025-01-02,1441.27
2025-01-03,1488.95
2025-01-06,1532.57
2025-01-07,1466.79
2025-01-08,1463.39
2025-01-09,1463.39
2025-01-10,1423.77
2025-01-13,1408.53
2025-01-14,1402.33
2025-01-15,1441.93
2025-01-16,1426.98
2025-01-17,1471.86
2025-01-20,1471.86
2025-01-21,1497.82
2025-01-22,1539.98
2025-01-23,1539.17
2025-01-24,1506.65
2025-01-27,1293.23
2025-01-28,1359.01
2025-01-29,1329.48
2025-01-30,1354.02
2025-01-31,1331.32
2025-02-03,1301.66
2025-02-04,1322.04
2025-02-05,1373.85
2025-02-06,1393.99
2025-02-07,1386.78
2025-02-10,1424.79
2025-02-11,1419.6
2025-02-12,1410.96
2025-02-13,1440.68
2025-02-14,1458.39
2025-02-17,1458.39
2025-02-18,1467.98
2025-02-19,1473.83
2025-02-20,1478.66
2025-02-21,1423.34
2025-02-24,1378.02
2025-02-25,1342.05
2025-02-26,1385.86
2025-02-27,1283.27
2025-02-28,1319.45
2025-03-03,1232.04
2025-03-04,1244.66
2025-03-05,1262.94
2025-03-06,1196.49
2025-03-07,1234.19
2025-03-10,1173.06
2025-03-11,1184.88
2025-03-12,1237.4
2025-03-13,1232.76
2025-03-14,1284.43
2025-03-17,1277.12
2025-03-18,1242.46
2025-03-19,1264.57
2025-03-20,1263.05
2025-03-21,1254.72
2025-03-24,1287.54
2025-03-25,1278.06
2025-03-26,1218.82
2025-03-27,1191.34
2025-03-28,1166.53
2025-03-31,1157.11
2025-04-01,1168.54
2025-04-02,1176.15
2025-04-03,1072.72
2025-04-04,994.48
2025-04-07,1029.19
2025-04-08,1010.94
2025-04-09,1200.07
2025-04-10,1119.11
2025-04-11,1153.99
2025-04-14,1151.19
2025-04-15,1161.4
2025-04-16,1099.32
2025-04-17,1076.67
2025-04-18,1076.67
2025-04-21,1039.62
2025-04-22,1060.83
2025-04-23,1102.47
2025-04-24,1153.93
2025-04-25,1187.55
2025-04-28,1173.63
2025-04-29,1170.51
2025-04-30,1173.54
2025-05-01,1190.8
2025-05-02,1225.7
2025-05-05,1216.83
2025-05-06,1211.2
2025-05-07,1242.73
2025-05-08,1252.02
2025-05-09,1252.33
2025-05-12,1328.45
2025-05-13,1390.23
2025-05-14,1423.54
2025-05-15,1419.41
2025-05-16,1417.88
2025-05-19,1418.82
2025-05-20,1412.36
2025-05-21,1387.85
2025-05-22,1389.77
2025-05-23,1373.36
2025-05-26,1373.36
2025-05-27,1417.62
2025-05-28,1415.21
2025-05-29,1444.3
2025-05-30,1412.2
2025-06-02,1438.24
2025-06-03,1479.09
2025-06-04,1491.98
2025-06-05,1477.65
2025-06-06,1478.68
2025-06-09,1491.98
2025-06-10,1509.33
2025-06-11,1509.23
2025-06-12,1525.37
2025-06-13,1489.96
2025-06-16,1524.02
2025-06-17,1514.89
2025-06-18,1526.65
2025-06-19,1526.65
2025-06-20,1512.85
2025-06-23,1521.2
2025-06-24,1569.81
2025-06-25,1611.56
2025-06-26,1625.23
2025-06-27,1639.48
2025-06-30,1646.95
2025-07-01,1605.94
2025-07-02,1642.03
2025-07-03,1661.96
2025-07-04,1661.96
2025-07-07,1646.68
2025-07-08,1663.63
2025-07-09,1687.39
2025-07-10,1697.31
2025-07-11,1700.93
2025-07-14,1692.28
2025-07-15,1741.78
2025-07-16,1744.72
2025-07-17,1760.53
2025-07-18,1753.82
2025-07-21,1754.68
2025-07-22,1711.09
2025-07-23,1734.13
2025-07-24,1757.51
2025-07-25,1756.66
2025-07-28,1789.17
2025-07-29,1786.67
2025-07-30,1816.98
2025-07-31,1783.21
2025-08-01,1748.54
2025-08-04,1802.77
2025-08-05,1784.35
2025-08-06,1796.69
2025-08-07,1814.04
2025-08-08,1831.56
2025-08-11,1826.81
2025-08-12,1857.5
2025-08-13,1851.65
2025-08-14,1856.89
2025-08-15,1828.27
2025-08-18,1837.73
2025-08-19,1782.18
2025-08-20,1774.66
2025-08-21,1768.76
2025-08-22,1802.27
2025-08-25,1811.16
2025-08-26,1831.39
2025-08-27,1834.08
2025-08-28,1837.96
2025-08-29,1778.33
2025-09-01,1778.33
2025-09-02,1754.07
2025-09-03,1754.83
2025-09-04,1769.76
2025-09-05,1775.17
2025-09-08,1796.58
2025-09-09,1803.92
2025-09-10,1883.86
2025-09-11,1879.11
2025-09-12,1884.72
2025-09-15,1892.44
2025-09-16,1874.13
2025-09-17,1834.33
2025-09-18,1886.95
2025-09-19,1884.55
2025-09-22,1926.93
2025-09-23,1897.19
2025-09-24,1889.68
2025-09-25,1889.42
2025-09-26,1892.95
2025-09-29,1908.64
2025-09-30,1942.31
2025-10-01,1962.39
2025-10-02,1987.96
2025-10-03,1976.13
2025-10-06,1981.37
2025-10-07,1968.97
2025-10-08,2022.23
2025-10-09,2038.95
2025-10-10,1928.27
2025-10-13,2014.78
2025-10-14,1945.61
2025-10-15,1971.73
2025-10-16,1987.75
2025-10-17,1989.11
2025-10-20,1996.6
2025-10-21,1977.88
2025-10-22,1955.31
2025-10-23,1985.29
2025-10-24,2031.4
2025-10-27,2086.6
2025-10-28,2153.04
2025-10-29,2210.51
2025-10-30,2166.81
2025-10-31,2158.86
2025-11-03,2181.53
2025-11-04,2098.58
2025-11-05,2106.95
2025-11-06,2044.9
2025-11-07,2033.35
2025-11-10,2122.65
2025-11-11,2067.67
2025-11-12,2087.63
2025-11-13,2010.5
2025-11-14,2031.06
2025-11-17,1999.95
2025-11-18,1954.39
2025-11-19,2005.72
2025-11-20,1933.66
2025-11-21,1923.68
2025-11-24,2008.54
2025-11-25,1989.97
2025-11-26,2031.61
2025-11-27,2031.61
2025-11-28,2030.21
2025-12-01,2029.03
2025-12-02,2044.83
2025-12-03,2042.47
2025-12-04,2058.07
2025-12-05,2069.32
2025-12-08,2104.0
2025-12-09,2107.11
2025-12-10,2116.85
2025-12-11,2088.9
2025-12-12,1977.73
2025-12-15,1961.92
2025-12-16,1968.55
2025-12-17,1891.96
2025-12-18,1930.47
2025-12-19,1998.64
2025-12-22,2022.47
2025-12-23,2064.44
2025-12-24,2065.19
2025-12-25,2065.19
2025-12-26,2078.02
2025-12-29,2061.64
2025-12-30,2056.7
2025-12-31,2038.33
2026-01-01,2038.33
2026-01-02,2081.04
2026-01-05,2080.6
2026-01-06,2098.37
2026-01-07,2102.6
2026-01-08,2056.11
2026-01-09,2090.21
2026-01-12,2099.25
2026-01-13,2112.8
2026-01-14,2079.91
2026-01-15,2116.98
2026-01-16,2132.62
2026-01-19,2132.62
2026-01-20,2056.7
2026-01-21,2111.61
2026-01-22,2117.16
2026-01-23,2116.81
2026-01-26,2108.36
2026-01-27,2146.9
2026-01-28,2186.66
2026-01-29,2193.92
2026-01-30,2152.1
2026-02-02,2137.09
2026-02-03,2079.03
2026-02-04,1990.44
2026-02-05,1977.86
2026-02-06,2113.73
2026-02-09,2156.75
2026-02-10,2137.29
2026-02-11,2169.88
2026-02-12,2123.85
2026-02-13,2101.86
2026-02-16,2101.86
2026-02-17,2119.02
2026-02-18,2145.64
2026-02-19,2141.81
2026-02-20,2159.07
2026-02-23,2160.09
2026-02-24,2174.13
2026-02-25,2209.09
2026-02-26,2114.65
2026-02-27,2059.78
2026-03-02,2089.35
2026-03-03,2035.1
2026-03-04,2074.08
2026-03-05,2081.28
2026-03-06,2017.51
2026-03-09,2088.64
2026-03-10,2105.16
2026-03-11,2119.72
2026-03-12,2072.44
2026-03-13,2045.39
2026-03-16,2078.61
2026-03-17,2074.68
2026-03-18,2058.02
2026-03-19,2056.76
2026-03-20,1996.47
2026-03-23,2029.75
2026-03-24,2032.01
2026-03-25,2059.11
2026-03-26,1967.26
2026-03-27,1928.61
2026-03-30,1878.67
2026-03-31,1983.96
2026-04-01,2019.87
2026-04-02,2033.95
2026-04-03,2033.95
2026-04-06,2045.55
2026-04-07,2075.05
2026-04-08,2164.86
2026-04-09,2201.27
2026-04-10,2257.64
2026-04-13,2282.67
2026-04-14,2342.88
2026-04-15,2370.78
2026-04-16,2383.95
2026-04-17,2426.57
2026-04-20,2419.24
2026-04-21,2413.52
2026-04-22,2477.21
2026-04-23,2474.08
2026-04-24,2581.09
2026-04-27,2615.48
2026-04-28,2544.63
2026-04-29,2555.35
2026-04-30,2537.93
2026-05-01,2548.37
2026-05-04,2537.6
2026-05-05,2593.82
2026-05-06,2717.61
2026-05-07,2696.25
2026-05-08,2818.9
2026-05-11,2874.98
2026-05-12,2833.1
2026-05-13,2881.58
2026-05-14,2955.05
2026-05-15,2831.71
2026-05-18,2781.43
2026-05-19,2761.92
2026-05-20,2839.08
2026-05-21,2825.85
