"Date","Historical","GARCH","DCC"
"2000-03-21",0.000153790156564259,0.000191749602915023,0.000189877568807817
"2000-04-04",0.000323798892369604,0.00028540100564185,0.000290511603023675
"2000-04-18",9.39492250389828e-05,0.000136286129454716,0.00014170999755152
"2000-05-02",0.000117837082178765,0.000135646249270093,0.000133331905756346
"2000-05-16",8.63149008254271e-05,0.00011238348292329,0.000112199126080422
"2000-05-30",0.000155929991781925,0.000145822705318314,0.00014591106468775
"2000-06-13",8.73712901812225e-05,0.000105882422723642,0.000103426428414902
"2000-06-27",0.000115754272395981,0.000116915317190945,0.000115061305061273
"2000-07-11",0.00010866017926833,0.000110727354702652,0.00010918482256232
"2000-07-25",8.80025484060133e-05,8.48406925500769e-05,8.50922932512267e-05
"2000-08-08",9.1118767026014e-05,8.64681447789008e-05,8.43311021805123e-05
"2000-08-22",0.000119348082194513,0.000106133709859163,0.000102737361031215
"2000-09-05",0.000104053063749662,9.02538581069221e-05,8.79928489175205e-05
"2000-09-19",9.57578802270045e-05,9.17068892650811e-05,9.21042131727828e-05
"2000-10-03",0.000187540331949493,0.000185312076101687,0.00018611783960655
"2000-10-17",0.000190665670473343,0.000168923975826072,0.000168008643831026
"2000-10-31",0.000138320476677061,0.000136271176317103,0.000139610126351328
"2000-11-14",9.55655407028985e-05,8.98396562613486e-05,8.73705213509527e-05
"2000-11-28",0.000183406677170114,0.000165259660267956,0.000167981849146786
"2000-12-12",0.000155992867088539,0.00013058467491255,0.000132437411152033
"2000-12-26",0.000483016472207323,0.000435646918034902,0.000437501943611757
"2001-01-09",0.000114321224873398,0.000337642482986196,0.000334965394704928
"2001-01-23",9.95211379738868e-05,0.000134095072927053,0.000128141750392901
"2001-02-06",0.000105186284035078,9.54098779417629e-05,9.16623872940292e-05
"2001-02-20",8.14156108817927e-05,7.89720324112335e-05,7.65846907074419e-05
"2001-03-06",0.000194479271457493,0.000200494908276584,0.000204241822864491
"2001-03-20",0.000161307730298622,0.00016194238368566,0.000157689242869161
"2001-04-03",0.000267497118614662,0.000247096895180537,0.00024824660838214
"2001-04-17",0.000172290000820631,0.000117988796889079,0.000121749761865906
"2001-05-01",0.000103681850762931,0.00017732346824081,0.000172893891047204
"2001-05-15",9.26896105464182e-05,9.2922781740247e-05,9.41561100131561e-05
"2001-05-29",7.54461494309312e-05,6.91103863680734e-05,6.95893049720226e-05
"2001-06-12",9.73273929428825e-05,7.85889148984573e-05,7.68859702080038e-05
"2001-06-26",8.95837031612419e-05,6.31877068886121e-05,6.35310598397202e-05
"2001-07-10",5.96944946700873e-05,6.37790379303882e-05,6.42664072985011e-05
"2001-07-24",0.00012091477302833,0.000103104246077704,0.000101685395364854
"2001-08-07",0.000112644776417138,7.74414953204541e-05,7.73575533745001e-05
"2001-08-21",8.37609858037029e-05,6.21146619789314e-05,6.1332101180953e-05
"2001-09-04",0.00039839639738834,0.000432938177458319,0.000431179430852554
"2001-09-18",0.000270454518386989,0.000258082206907112,0.00024510973072118
"2001-10-02",0.000122586030075381,0.000125362859142138,0.000123679794096837
"2001-10-16",7.52419360377468e-05,8.48294476822202e-05,8.52244874537941e-05
"2001-10-30",0.000100472511289201,9.5777825234721e-05,9.65904230748464e-05
"2001-11-13",0.00011418079446473,8.91895208934358e-05,9.1162138420837e-05
"2001-11-27",6.55136852574162e-05,5.53818065394833e-05,5.31764568954684e-05
"2001-12-11",0.000124040909645242,0.00010211674134837,0.000104026940572689
"2001-12-25",0.000114817417731368,9.07389284324755e-05,9.19144495741981e-05
"2002-01-08",9.79264609312175e-05,7.16073659395224e-05,7.235587210754e-05
"2002-01-22",6.93460974098891e-05,5.63819872797442e-05,5.62343784309655e-05
"2002-02-05",9.9253225898204e-05,7.40005201825303e-05,7.48995395016762e-05
"2002-02-19",6.20236080484858e-05,9.19470125211135e-05,9.05959304185265e-05
"2002-03-05",0.000108056773159387,0.000106873771541002,0.000108602434270736
"2002-03-19",0.000109675512096763,8.48311478902888e-05,8.56735799567672e-05
"2002-04-02",7.36513160946638e-05,5.18843929982019e-05,5.18662773849555e-05
"2002-04-16",6.15273351715051e-05,4.95553695373208e-05,4.90107033787648e-05
"2002-04-30",0.000131127023970513,0.000140955837289256,0.000140712465387482
"2002-05-14",6.36941311069e-05,5.74474126642242e-05,5.70283290612315e-05
"2002-05-28",7.52870863130629e-05,6.61907138734137e-05,6.5695101421944e-05
"2002-06-11",7.21526706701808e-05,6.68452252483855e-05,6.6433460172588e-05
"2002-06-25",0.000185722070905546,0.000188075485450423,0.000188359480416933
"2002-07-09",0.000411824992465589,0.000385344207027333,0.000386041607405855
"2002-07-23",0.000699092876695876,0.000567698048872988,0.000569471362994204
"2002-08-06",0.000232100259427712,0.000156734400650774,0.000150732654635808
"2002-08-20",6.39544026539168e-05,0.000180596691791116,0.000169750847912142
"2002-09-03",0.000103530201733547,0.000124566289526938,0.00013227619505692
"2002-09-17",0.00019466766240545,0.000189061391441969,0.000198052293251624
"2002-10-01",0.000455216974309012,0.000382383563840226,0.000391898262317425
"2002-10-15",0.000349812593475595,0.000236644304710074,0.00023481996645377
"2002-10-29",9.05847727640045e-05,0.000197650410778868,0.000181317638346507
"2002-11-12",0.000104934864371693,0.000118954262920428,0.000109082897447707
"2002-11-26",7.06474950841735e-05,6.90792446522154e-05,6.68357907996288e-05
"2002-12-10",0.000105564952582998,9.18649035759371e-05,8.55553716836238e-05
"2002-12-24",8.76905240232084e-05,6.55873071364408e-05,6.39234342096048e-05
"2003-01-07",0.000134042554595278,0.000113321328181168,0.000109257544158767
"2003-01-21",5.55105096670073e-05,0.000106306633690935,0.000110403460960072
"2003-02-04",0.000149683150510225,0.000117691603155521,0.000112331459112825
"2003-02-18",0.000111283848209007,6.26907178839713e-05,6.14173888837126e-05
"2003-03-04",0.000116967642062309,0.00016211734296079,0.000165652423006752
"2003-03-18",7.85752692939389e-05,8.91140223680506e-05,8.95804426851123e-05
"2003-04-01",0.000136222640948084,0.000114318400311734,0.000111497543072051
"2003-04-15",0.000130808636418011,6.27113008891968e-05,6.26326622123338e-05
"2003-04-29",0.000165814148449955,0.000106261817117472,0.000106055889521793
"2003-05-13",0.000168025535356019,9.32695617478196e-05,9.28244505486727e-05
"2003-05-27",0.000135375314592808,5.20503072872741e-05,5.14506474939822e-05
"2003-06-10",0.000131322313034761,3.91804281992501e-05,3.86630728931787e-05
"2003-06-24",0.000164873434953153,7.66282179762561e-05,7.6659169953726e-05
"2003-07-08",0.000147161855627573,5.19550664906407e-05,5.19480723920177e-05
"2003-07-22",0.000153280829951408,7.98389525731303e-05,8.01917365184812e-05
"2003-08-05",0.000116199540853302,4.15016112645943e-05,4.16283124860888e-05
"2003-08-19",0.00014345291306319,6.3382585759844e-05,6.36844216859195e-05
"2003-09-02",0.000102164542248982,2.67861647537381e-05,2.69878811953571e-05
"2003-09-16",5.77251696769824e-05,3.89925151835736e-05,3.91368338056811e-05
"2003-09-30",6.17464660554567e-05,3.34102574200505e-05,3.35820870838188e-05
"2003-10-14",7.82369530331971e-05,4.15676698728106e-05,4.13719121893461e-05
"2003-10-28",6.44818904005107e-05,2.958397452199e-05,2.94560134758187e-05
"2003-11-11",4.50807321297692e-05,2.50073498061053e-05,2.47451247724136e-05
"2003-11-25",7.65205367839792e-05,4.9693874614014e-05,4.99891419381265e-05
"2003-12-09",5.07025495234826e-05,2.71817290317002e-05,2.68902873888546e-05
"2003-12-23",7.10199266967237e-05,3.8960627044443e-05,3.82344680264535e-05
"2004-01-06",7.88425524557229e-05,4.18245934349706e-05,4.12713611892863e-05
"2004-01-20",4.47978723174194e-05,2.97055814593061e-05,2.99762390841739e-05
"2004-02-03",3.79252102289463e-05,2.76309015057187e-05,2.78824383126468e-05
"2004-02-17",4.66861525274693e-05,2.82206158892826e-05,2.7392772665329e-05
"2004-03-02",4.45127074370256e-05,6.39503555525363e-05,6.42334141898112e-05
"2004-03-16",3.41724825617214e-05,3.66848289322679e-05,3.58312922302129e-05
"2004-03-30",5.38935778591868e-05,5.42595890818057e-05,5.4464227477292e-05
"2004-04-13",5.01583309638131e-05,4.66027135277493e-05,4.70942203601128e-05
"2004-04-27",7.81288969702918e-05,7.16228692187612e-05,7.15813352620752e-05
"2004-05-11",3.19412664581002e-05,4.37204825783581e-05,4.41407477918658e-05
"2004-05-25",3.07755075044086e-05,2.67732345496209e-05,2.70313274285346e-05
"2004-06-08",2.54619387674253e-05,2.59433980815897e-05,2.67365117112026e-05
"2004-06-22",3.6487577279718e-05,3.92796889016957e-05,3.93223301897606e-05
"2004-07-06",4.09491631322042e-05,3.98442032169087e-05,3.99118647600436e-05
"2004-07-20",3.21388795793204e-05,3.51154294522483e-05,3.54626297333266e-05
"2004-08-03",8.15319940941473e-05,8.27820465096093e-05,8.29025760729344e-05
"2004-08-17",2.5292686454494e-05,3.11027917815042e-05,3.17114171142531e-05
"2004-08-31",3.68384133732696e-05,3.85562980196947e-05,3.89577917188227e-05
"2004-09-14",3.09031678652388e-05,3.2137796820123e-05,3.15531954340383e-05
"2004-09-28",2.2184820087865e-05,2.18840933852238e-05,2.1773146941337e-05
"2004-10-12",3.66184599221659e-05,3.75800268432825e-05,3.7580383158638e-05
"2004-10-26",4.97650642435905e-05,4.90929938761792e-05,4.94069188801347e-05
"2004-11-09",2.22906843519279e-05,2.49395211407797e-05,2.49132374052837e-05
"2004-11-23",3.57149806943282e-05,3.64981649667049e-05,3.64972260696349e-05
"2004-12-07",3.21017301971106e-05,3.12328657440134e-05,3.11790821325962e-05
"2004-12-21",2.79146603033086e-05,2.49502630204517e-05,2.49939304702804e-05
"2005-01-04",2.19224939104544e-05,1.94419978989765e-05,1.95014346799132e-05
"2005-01-18",2.52907333196733e-05,2.18301705059566e-05,2.18080650896113e-05
"2005-02-01",2.29221861405639e-05,1.86831465675143e-05,1.87025559256376e-05
"2005-02-15",3.62588948691021e-05,3.69399918779182e-05,3.69259547121558e-05
"2005-03-01",3.50160058804667e-05,2.94880052960671e-05,2.94622422738351e-05
"2005-03-15",3.72388368978161e-05,3.01077508076082e-05,3.01990311374514e-05
"2005-03-29",2.27850085737915e-05,1.97170381830237e-05,1.970335443719e-05
"2005-04-12",0.000145983199131534,0.000153434638557002,0.000153315307707734
"2005-04-26",2.71010174718113e-05,2.34903220483602e-05,2.36546944597804e-05
"2005-05-10",6.02933615808248e-05,5.53063682853923e-05,5.55910704147301e-05
"2005-05-24",3.22742777711155e-05,3.91843570060085e-05,3.8870657263214e-05
"2005-06-07",3.93094197477673e-05,3.60119701473371e-05,3.60165159286012e-05
"2005-06-21",2.43569389990167e-05,2.46821165277303e-05,2.46600285720984e-05
"2005-07-05",2.29538366898691e-05,2.11212857259096e-05,2.08695991595201e-05
"2005-07-19",1.77975938357124e-05,1.60307403552356e-05,1.61205367418718e-05
"2005-08-02",3.19430791428791e-05,3.21155442281423e-05,3.19651513246632e-05
"2005-08-16",2.32380980913917e-05,2.09161527579375e-05,2.0830031717875e-05
"2005-08-30",2.42101689825436e-05,2.2938766230982e-05,2.28220137409268e-05
"2005-09-13",3.63635187597081e-05,3.46607873833786e-05,3.43596731752185e-05
"2005-09-27",5.10169226167271e-05,5.21991873913178e-05,5.2615043320707e-05
"2005-10-11",9.41367555788666e-05,8.9754884509122e-05,8.97782286438628e-05
"2005-10-25",4.84183882556577e-05,4.61057635871523e-05,4.5847780342404e-05
"2005-11-08",3.66578922904602e-05,4.28938503261503e-05,4.1618822148068e-05
"2005-11-22",2.15415637716879e-05,2.49291454614763e-05,2.46852935889776e-05
"2005-12-06",4.22399216141932e-05,4.19500849988308e-05,4.15612493263694e-05
"2005-12-20",3.97444616905928e-05,3.85910728965427e-05,3.81488723408536e-05
"2006-01-03",3.18278265569735e-05,3.07944130647203e-05,3.0753441236566e-05
"2006-01-17",3.30377600087266e-05,3.47049800775768e-05,3.46104823223218e-05
"2006-01-31",3.94589647338973e-05,3.87678374913382e-05,3.86697496325317e-05
"2006-02-14",3.85787753052933e-05,3.60445329470091e-05,3.57415313891452e-05
"2006-02-28",2.09773931981285e-05,1.82671751116135e-05,1.80526240842519e-05
"2006-03-14",2.18195016138303e-05,1.7979571531474e-05,1.75818235178046e-05
"2006-03-28",2.67788450790725e-05,2.07245093265215e-05,2.04331682950277e-05
"2006-04-11",1.89980346204323e-05,1.96593300920439e-05,1.97193922060677e-05
"2006-04-25",3.30727887627469e-05,3.21230697404802e-05,3.23351688424196e-05
"2006-05-09",6.33230442408071e-05,6.21338853445696e-05,6.20475134188e-05
"2006-05-23",9.53503167937851e-05,8.61677429385519e-05,8.58774168314098e-05
"2006-06-06",0.000119290003120095,0.000102655441840394,0.000102512420046683
"2006-06-20",6.5466781955777e-05,4.10282097920711e-05,4.15256540935137e-05
"2006-07-04",3.45292226573334e-05,3.4531760671805e-05,3.40871926172722e-05
"2006-07-18",0.000119761945383177,9.85211260776097e-05,9.93543196585257e-05
"2006-08-01",5.18097072817641e-05,7.74186276944475e-05,7.62196068406468e-05
"2006-08-15",4.60220704211865e-05,3.96431419321907e-05,3.94320507644663e-05
"2006-08-29",4.18945629440161e-05,5.24372059869801e-05,5.20721687864677e-05
"2006-09-12",4.29915950055838e-05,4.49945386802848e-05,4.44820754444662e-05
"2006-09-26",3.19306409399185e-05,3.02760131386123e-05,2.97411966057533e-05
"2006-10-10",3.37000909032174e-05,2.9963338434048e-05,2.94817097271818e-05
"2006-10-24",3.07214023792878e-05,2.76421342574993e-05,2.71739425672857e-05
"2006-11-07",5.4768364134476e-05,5.0016595108777e-05,4.92560555398293e-05
"2006-11-21",2.73380068140493e-05,2.72889635852927e-05,2.74503131869731e-05
"2006-12-05",4.52807880995877e-05,4.0901905333886e-05,4.01640606900269e-05
"2006-12-19",4.34315639834376e-05,3.24026871274014e-05,3.18344066487244e-05
"2007-01-02",4.6515596107545e-05,3.0992026689791e-05,3.03258908956037e-05
"2007-01-16",3.02849718681906e-05,1.79508263172935e-05,1.78437926853181e-05
"2007-01-30",3.62224686063285e-05,2.36885136872667e-05,2.2845652188578e-05
"2007-02-13",3.81484013090069e-05,2.44043257187816e-05,2.39108627856218e-05
"2007-02-27",0.000149236926890984,0.000166224480035484,0.000167750960618824
"2007-03-13",4.48711624384557e-05,3.78713007029088e-05,3.87736056328182e-05
"2007-03-27",4.03636756967336e-05,3.92107987612894e-05,3.81992993671139e-05
"2007-04-10",3.71493938986089e-05,2.59613626165969e-05,2.51783552852448e-05
"2007-04-24",3.06490348883265e-05,1.87046701953581e-05,1.84965395359846e-05
"2007-05-08",2.54698957291996e-05,1.76017321080914e-05,1.74609832000669e-05
"2007-05-22",3.60659398517747e-05,2.51467905556106e-05,2.48243357735533e-05
"2007-06-05",7.18671883000313e-05,8.08613774751621e-05,8.08546387977592e-05
"2007-06-19",3.40575841038998e-05,3.4495777823964e-05,3.49036693742756e-05
"2007-07-03",2.69150621819957e-05,2.89091234525383e-05,2.8502743270818e-05
"2007-07-17",0.000126737439388669,0.000124477574196701,0.000123959039889689
"2007-07-31",0.000183970012801127,0.000165060869688189,0.000164163459229393
"2007-08-14",0.000142624182295639,0.000113053352145133,0.000112892721609186
"2007-08-28",0.000130063368757454,9.6503875966092e-05,9.75761548160806e-05
"2007-09-11",7.29514127519331e-05,4.17767292221988e-05,4.27176166642659e-05
"2007-09-25",3.34723936021877e-05,6.38010738550321e-05,6.25562149386304e-05
"2007-10-09",3.1287078433968e-05,2.9425647012694e-05,3.10861706991554e-05
"2007-10-23",7.00316215634074e-05,5.72660586024622e-05,5.84324371626183e-05
"2007-11-06",0.000202546279013342,0.000163207250890695,0.000164063523478793
"2007-11-20",0.000132314110165283,6.71725117668564e-05,6.65426672456335e-05
"2007-12-04",0.000117221793888508,7.06599764287538e-05,7.20456467834934e-05
"2007-12-18",4.32935533515078e-05,0.000118135913756447,0.000117974204645854
"2008-01-01",0.000139795651276316,0.000132580108405224,0.000133015270443125
"2008-01-15",0.000251673110555471,0.000218748891148278,0.000219836332273709
"2008-01-29",0.000119718828642525,6.76506759466656e-05,6.55247721053919e-05
"2008-02-12",4.70626457328024e-05,0.000147976721564804,0.000147446870835883
"2008-02-26",9.67070718835935e-05,7.15338135048594e-05,7.0915000350215e-05
"2008-03-11",0.000451279269695117,0.000383478496420655,0.000381146573211362
"2008-03-25",8.76930430135808e-05,0.000239157100075983,0.000242507147178311
"2008-04-08",4.83692373880969e-05,0.000117542953788443,0.000118322810817125
"2008-04-22",0.00013095343014771,0.00015199246022664,0.00015441772748732
"2008-05-06",8.77788112939644e-05,9.93549294039135e-05,9.88695188673902e-05
"2008-05-20",9.40438418085528e-05,8.70050592652133e-05,8.73764881741205e-05
"2008-06-03",7.58191968466332e-05,9.02235085313084e-05,8.94180740292942e-05
"2008-06-17",8.8990273540581e-05,9.13071967914832e-05,9.12553045586265e-05
"2008-07-01",0.000146332984557032,0.000144657914474777,0.00014466814194326
"2008-07-15",0.000355452259391186,0.000318038792312225,0.000317771527728249
"2008-07-29",0.000179253696086539,0.000139018495836918,0.000139664422372425
"2008-08-12",9.87789674133853e-05,0.000138356972113679,0.000141185816150743
"2008-08-26",7.2082471657108e-05,7.24284232587317e-05,7.50250266137736e-05
"2008-09-09",0.00103388463161407,0.000991206791238835,0.000987374308071756
"2008-09-23",0.00121792851694594,0.000925807013822398,0.00091782660015369
"2008-10-07",0.00339205764709521,0.00285907330641941,0.00287695403934488
"2008-10-21",0.00157686727067353,0.000682977563233147,0.000620393524253537
"2008-11-04",0.00166044662559452,0.00058998824274519,0.00072664450750319
"2008-11-18",0.00282661861346585,0.00168696548196711,0.00181979144012101
"2008-12-02",0.000485239738075474,0.00197023805987103,0.00179473395911962
"2008-12-16",0.000290257484671572,0.00103967553862826,0.00094755785603436
"2008-12-30",0.0002418618391143,0.000163532992709182,0.000193306263103167
"2009-01-13",0.000360295394165612,0.000390676163404143,0.000405974752602348
"2009-01-27",0.000285953616380354,0.000348590762603185,0.00032868853310547
"2009-02-10",0.000161222738474468,0.000183217730256283,0.000220883667860995
"2009-02-24",0.000256230606295145,0.00035560517528935,0.000392525238258537
"2009-03-10",0.000835096119388011,0.000840526221871522,0.000855918896286977
"2009-03-24",0.000315504352087355,0.000987369170334654,0.000955738746973057
"2009-04-07",0.000354009151589303,0.000261610580411159,0.000241989295942587
"2009-04-21",0.000518294464456392,0.000590078164653444,0.000577523254464622
"2009-05-05",0.000425544853734806,0.000242125792188077,0.000226239370146629
"2009-05-19",0.000625591631343805,0.000484061739048841,0.000475622154485078
"2009-06-02",0.000805565009272839,0.000530678767842449,0.000514086206820791
"2009-06-16",0.000716650373442597,0.000251048577276464,0.000234433250298972
"2009-06-30",0.000738700970756698,0.000226468216027744,0.000213852261814549
"2009-07-14",0.000747665079496967,0.000222521679608708,0.000214146518249876
"2009-07-28",0.000821599937769887,0.000247799800027704,0.00023901913306028
"2009-08-11",0.000723183263247464,9.5649590606045e-05,8.59673039304076e-05
"2009-08-25",0.000840191535856236,0.00014473351284157,0.000137034960534276
"2009-09-08",0.000834071067137438,0.000104380476099978,9.69310048407954e-05
"2009-09-22",0.0006439852402867,9.23545688938759e-05,9.6997728718371e-05
"2009-10-06",0.000643263442771792,0.000116990194810568,0.00011317011446391
"2009-10-20",0.000378427839715864,0.000153556358262996,0.000157723658818746
"2009-11-03",0.000419188105337396,8.7054362063477e-05,8.39567326305594e-05
"2009-11-17",0.000428930554710308,0.000118709302870548,0.000118173980962993
"2009-12-01",0.000365551559446402,0.000101765077080602,0.000101148109543395
"2009-12-15",0.000364855893988324,7.94350605345423e-05,7.77473413532574e-05
"2009-12-30",0.000332964959575747,3.01021285019247e-05,2.9221321124141e-05
"2010-01-14",0.000235090554270995,6.73384361408513e-05,6.86786640936935e-05
"2010-01-28",0.000165543596594388,0.000123284956285849,0.000124163338281496
"2010-02-11",0.000242402317867577,8.52370621115536e-05,8.47168500299927e-05
"2010-02-25",0.000239133712688063,8.53401310676758e-05,8.58028896852817e-05
"2010-03-11",0.000215947665944626,6.05975963929085e-05,6.07478589348331e-05
"2010-03-25",0.000167842642493408,4.3963100286959e-05,4.44003426682217e-05
"2010-04-09",0.000127958145065821,4.6698557155625e-05,4.69660123225705e-05
"2010-04-23",0.000197985705874716,0.00026980799103157,0.000271257638059664
"2010-05-07",0.000414306267218327,0.00032382421981744,0.000322143892364149
"2010-05-21",0.000313030229315739,0.000155099538988855,0.000152812265979519
"2010-06-07",5.3125968934697e-05,0.000222839861039902,0.000218803937642423
"2010-06-21",7.47339650788917e-05,4.32510019187775e-05,4.68273466640479e-05
"2010-07-05",9.65511578390183e-05,5.56993759544756e-05,5.91212884548193e-05
"2010-07-19",4.73812014687871e-05,9.42972341475985e-05,9.1933514228412e-05
"2010-08-02",3.12944380126651e-05,3.29275067731627e-05,3.35136205806807e-05
"2010-08-16",4.95633770943236e-05,6.15859660053418e-05,5.80318732689055e-05
"2010-08-30",4.85154461298333e-05,4.66837292076364e-05,4.83777801264496e-05
"2010-09-13",7.74550004547107e-05,6.03342519158527e-05,5.79249239772925e-05
"2010-09-27",0.000101760720200818,9.32613416205151e-05,8.87254973323344e-05
"2010-10-11",0.000111304773381843,6.54140819390916e-05,6.20634499412012e-05
"2010-10-25",0.00010098757346922,4.97603747157385e-05,4.57844899932596e-05
"2010-11-08",7.00794984055935e-05,2.68264723006464e-05,2.31825805663136e-05
"2010-11-22",5.27472100692332e-05,3.00111364828188e-05,2.97470653211433e-05
"2010-12-06",0.00014083274703533,0.000107703947702853,0.000104165646439911
"2010-12-20",0.000149973497214179,8.24267883310236e-05,7.8057739838983e-05
"2011-01-03",0.000123637012850125,2.53547903727989e-05,2.27953348446743e-05
"2011-01-17",8.75712011308779e-05,3.15996676816894e-05,3.26799735557488e-05
"2011-01-31",9.54795396983174e-05,6.10032230053912e-05,5.09301325896065e-05
"2011-02-14",6.59882493587144e-05,3.57519159293136e-05,3.65099963259473e-05
"2011-02-28",2.54092331738253e-05,3.30767013564642e-05,3.86173698337989e-05
"2011-03-14",6.97625791287215e-05,5.78164894567309e-05,5.26277521757895e-05
"2011-03-28",0.0001308475770756,9.48385083953489e-05,8.80716837184705e-05
"2011-04-11",0.000102226671362099,3.83568650693404e-05,3.48779949911501e-05
"2011-04-25",0.00011690268639556,5.13299425975912e-05,4.58908497826151e-05
"2011-05-09",6.22659373613207e-05,1.67395418586894e-05,1.55135271572334e-05
"2011-05-23",1.71726356238031e-05,4.64449455451225e-05,4.88916173893643e-05
"2011-06-06",2.79544217484214e-05,2.97906484041751e-05,3.07131100351215e-05
"2011-06-20",3.59132373732998e-05,3.71117502993077e-05,3.74297786374427e-05
"2011-07-04",2.46255671688086e-05,2.56882186513873e-05,2.50162465380172e-05
"2011-07-18",4.18056152409794e-05,4.50076286534239e-05,4.53918541490816e-05
"2011-08-01",0.00148417266889246,0.00148245658407486,0.00148263557797646
"2011-08-15",0.000390904059641749,0.000296948806896345,0.000253622812026868
"2011-08-29",0.000224608780992986,0.000128995399482393,0.00012699620449309
"2011-09-12",0.000179738157498193,0.000105802906690069,0.00010314238381274
"2011-09-26",0.000346475866570211,0.000164616712220578,0.000182012794390222
"2011-10-10",0.000175607298890606,0.000111450788816048,9.51615932477366e-05
"2011-10-24",0.000263387035986032,0.000169613775467906,0.000184451486606061
"2011-11-07",9.45126868485566e-05,8.02453378864299e-05,7.16968808032465e-05
"2011-11-21",0.000182374733581098,0.000145804286572163,0.00015589942517659
"2011-12-05",7.11777246616679e-05,0.000213934907770876,0.00020304890457312
"2011-12-19",7.69030922091564e-05,5.77994585588025e-05,5.09163827393797e-05
"2012-01-02",0.000203580378320105,0.000132288701986292,0.000126758891975599
"2012-01-16",0.000212577480491464,8.86443465242547e-05,8.2565248186131e-05
"2012-01-30",0.000199929188083467,6.55874983298616e-05,5.70106123596317e-05
"2012-02-13",0.000216133287444972,7.07929884830939e-05,6.23000008604883e-05
"2012-02-27",0.000183554315618423,3.19250483337665e-05,2.59368815926349e-05
"2012-03-12",0.000183463520038006,6.42213573149445e-05,5.33557812119964e-05
"2012-03-26",0.000195331110620052,6.2097969275835e-05,5.22227090523395e-05
"2012-04-09",0.000116868700938709,4.45860290975084e-05,5.06485522654276e-05
"2012-04-23",0.000171381778370889,6.70404096908129e-05,5.71314110167132e-05
"2012-05-07",0.000167458123058144,7.32187041012702e-05,6.20043969234382e-05
"2012-05-21",0.000104938149492198,3.97371082972585e-05,3.60721471591634e-05
"2012-06-04",0.000115079871175074,0.000110648480155018,9.61411908413888e-05
"2012-06-18",9.37837423611839e-05,5.93163453793083e-05,6.11275957603549e-05
"2012-07-02",0.000195779477117756,0.000146188744028878,0.000134851577444782
"2012-07-16",0.000153310050522386,4.50465006870776e-05,4.12970399729501e-05
"2012-07-30",0.000147311466608312,7.67016407704815e-05,7.01473615666225e-05
"2012-08-13",0.000156027684965761,8.00548503822794e-05,7.45475141092882e-05
"2012-08-27",0.000106450402116402,2.49809550296073e-05,2.33878148299978e-05
"2012-09-10",0.000108436910585896,4.47625517948732e-05,4.1099304176233e-05
"2012-09-24",9.27708538194332e-05,4.35881912126574e-05,3.83385051217689e-05
"2012-10-08",6.30449834151004e-05,2.56070745588603e-05,2.43884896756115e-05
"2012-10-22",5.51423429904882e-05,3.58515842690185e-05,3.3786810751533e-05
"2012-11-05",2.73862802007434e-05,3.54014403482759e-05,3.68712621701429e-05
"2012-11-19",2.96498844773449e-05,2.71208741963363e-05,2.67978693143198e-05
"2012-12-03",6.49519032504901e-05,5.94525465409706e-05,5.93602649685691e-05
"2012-12-17",3.09042359006904e-05,3.53716893950382e-05,3.56174452953303e-05
"2013-01-01",2.82061719227287e-05,2.83733235044346e-05,2.82397671990435e-05
"2013-01-15",6.27232148225653e-05,5.84385745226628e-05,5.83764277753365e-05
"2013-01-29",3.69431567072805e-05,2.63508824998888e-05,2.61643843652043e-05
"2013-02-12",2.60076150932252e-05,3.55614972432313e-05,3.57936492000027e-05
"2013-02-26",3.70689157259261e-05,3.60838511548475e-05,3.57392613994818e-05
"2013-03-12",4.77740923385791e-05,3.73158989823201e-05,3.70268253527175e-05
"2013-03-26",3.66168434220086e-05,2.42052798928589e-05,2.38251147569347e-05
"2013-04-09",0.000116720024035869,0.000127393585127883,0.000127651840325475
"2013-04-23",2.61116383577611e-05,3.02887269705905e-05,2.9860230379284e-05
"2013-05-07",4.26712625629343e-05,4.09739421908256e-05,4.04515214929813e-05
"2013-05-21",3.30040667547475e-05,2.92496117366957e-05,2.90685207722282e-05
"2013-06-04",5.29322667056362e-05,5.36343062556231e-05,5.36167903468781e-05
"2013-06-18",0.000101323165109493,9.83679985802077e-05,9.84273227387714e-05
"2013-07-02",2.7729663502878e-05,3.07123898069681e-05,3.05701288800797e-05
"2013-07-16",4.84745987018362e-05,5.01376319025269e-05,4.99326709557468e-05
"2013-07-30",3.04011356275218e-05,3.13456211193804e-05,3.13594697571123e-05
"2013-08-13",2.77236921780403e-05,2.6497286017081e-05,2.65142011341524e-05
"2013-08-27",2.72806395198745e-05,3.04820993057725e-05,3.04146207804026e-05
"2013-09-10",3.34926838647088e-05,2.93259585863714e-05,2.96403134711132e-05
"2013-09-24",2.92944238190862e-05,3.18003791315432e-05,3.16784565844022e-05
"2013-10-08",4.52873095462445e-05,4.67999689623899e-05,4.66367886557582e-05
"2013-10-22",4.17357348529935e-05,4.02090643387568e-05,4.04257130958094e-05
"2013-11-05",1.83680080530111e-05,1.85469609532994e-05,1.86268734546828e-05
"2013-11-19",4.25605057006456e-05,4.06375226299071e-05,4.06924660722816e-05
"2013-12-03",2.58188649334517e-05,2.10542625182107e-05,2.09507312258544e-05
"2013-12-17",2.47365860096104e-05,1.88066973811485e-05,1.86764379303774e-05
"2013-12-31",2.76565799778921e-05,2.21589863301306e-05,2.20655338393685e-05
"2014-01-14",3.60558307556249e-05,4.27356875612153e-05,4.28959767999967e-05
"2014-01-28",8.85558844664777e-05,9.3751762359723e-05,9.370480360351e-05
"2014-02-11",3.19252353431756e-05,3.17415362483605e-05,3.1499659823179e-05
"2014-02-25",2.8597578336642e-05,2.31669506604135e-05,2.3088257447534e-05
"2014-03-11",2.74984514875159e-05,2.31977425653899e-05,2.32199973187751e-05
"2014-03-25",2.94441267948273e-05,3.03475344702833e-05,3.03739974818199e-05
"2014-04-08",4.90307798010313e-05,4.85787689150625e-05,4.87420459239991e-05
"2014-04-22",4.29911737187294e-05,3.88556253860477e-05,3.86534270662333e-05
"2014-05-06",2.31908026346811e-05,1.89126739176936e-05,1.87318434408806e-05
"2014-05-20",3.27488184911591e-05,2.58464307257264e-05,2.55899241014327e-05
"2014-06-03",3.22914766230144e-05,2.79974901482319e-05,2.76647313877403e-05
"2014-06-17",3.04873249374014e-05,2.78442549030219e-05,2.76759525588533e-05
"2014-07-01",2.78114713834539e-05,2.32972206136596e-05,2.31951469414555e-05
"2014-07-15",2.12428574573303e-05,1.96291023486957e-05,1.95851287093647e-05
"2014-07-29",3.42107244681526e-05,3.88272880785709e-05,3.89430671768386e-05
"2014-08-12",2.56436547161691e-05,2.32824058091868e-05,2.31050861994038e-05
"2014-08-26",4.03367674363712e-05,3.56789975768795e-05,3.55000067199573e-05
"2014-09-09",2.31192765730996e-05,1.99562708572293e-05,1.98241925882239e-05
"2014-09-23",3.85881564741179e-05,4.2523092124401e-05,4.28144108695219e-05
"2014-10-07",0.000144720935645666,0.000143282227813616,0.000143611258689605
"2014-10-21",7.73333729867896e-05,5.91508641446293e-05,6.00760493072608e-05
"2014-11-04",4.81691305801996e-05,6.0591838701147e-05,5.89272543294665e-05
"2014-11-18",6.11992167180347e-05,5.78491115752258e-05,5.73746904635141e-05
"2014-12-02",6.25956116848145e-05,4.32047406618626e-05,4.43266832312631e-05
"2014-12-16",5.8703254124102e-05,4.3212175853115e-05,4.38378053462726e-05
"2014-12-30",7.03297234511101e-05,6.560309779737e-05,6.68541956048453e-05
"2015-01-13",3.98532661123636e-05,3.73530067350777e-05,3.70981476549725e-05
"2015-01-27",6.72354499146189e-05,5.4219242732732e-05,5.50562319603202e-05
"2015-02-10",3.09511231835036e-05,5.41009523109551e-05,5.24511896986102e-05
"2015-02-24",3.30674936676234e-05,3.13446064768705e-05,3.0450385323492e-05
"2015-03-10",4.54402930425037e-05,4.1337689873439e-05,4.28677379642684e-05
"2015-03-24",2.8319593892228e-05,3.26992544661309e-05,3.1912406201198e-05
"2015-04-08",2.95592486544397e-05,3.06010289995138e-05,2.94035385203594e-05
"2015-04-22",3.53178357832227e-05,3.37176763841969e-05,3.35595551734106e-05
"2015-05-06",3.28675083345487e-05,3.73283330410201e-05,3.67476788910888e-05
"2015-05-20",3.37118030572702e-05,2.63310334482787e-05,2.47787027549065e-05
"2015-06-03",2.82626569402278e-05,1.97827922279937e-05,1.84684952902467e-05
"2015-06-17",2.20615291586444e-05,2.44139485676364e-05,2.49240081641273e-05
"2015-07-01",2.0851127059843e-05,1.82589379426234e-05,1.87822738699434e-05
"2015-07-15",3.61634151508927e-05,4.01000774347875e-05,4.018388496863e-05
"2015-07-29",4.82701766711039e-05,4.66235692331756e-05,4.66355677099192e-05
"2015-08-12",0.000268320777501386,0.00026123647256603,0.000262249168002885
"2015-08-26",0.000293648780345421,0.000232616270527063,0.000236304149288535
"2015-09-09",2.6085612384033e-05,6.78375677665965e-05,6.40449907147609e-05
"2015-09-23",0.000122660824420796,0.000106024086456414,0.000110826814304284
"2015-10-07",4.41750903944732e-05,8.43899172872325e-05,7.69583098231452e-05
"2015-10-21",5.43857171742892e-05,5.44694768512374e-05,5.26374352988077e-05
"2015-11-04",3.87748224336365e-05,4.09173268722065e-05,3.8994953572296e-05
"2015-11-18",5.31763631082431e-05,5.5246037267779e-05,5.10325348942604e-05
"2015-12-02",6.68347339677478e-05,8.12022060032892e-05,8.39172369089382e-05
"2015-12-16",3.8380906515178e-05,2.98434192616447e-05,3.26074585333018e-05
"2015-12-30",5.89404748971888e-05,6.12558871876045e-05,6.4112025779288e-05
"2016-01-13",0.000199344601178631,0.000184240668719535,0.000188570114960864
"2016-01-27",0.000151693858030018,0.000115319101931132,0.000117028080063748
"2016-02-10",9.93441921918151e-05,6.21289726981922e-05,6.16441757034164e-05
"2016-02-24",6.07443318985253e-05,9.37187345408793e-05,9.41009559402238e-05
"2016-03-09",7.56474934730066e-05,0.000123054588494833,0.000123879158336064
"2016-03-23",7.67797874585753e-05,6.91384524960627e-05,6.47962309335233e-05
"2016-04-06",6.68860807715483e-05,5.49010569347934e-05,5.30796485192268e-05
"2016-04-20",7.87869831431246e-05,6.51813944173063e-05,6.13072967786156e-05
"2016-05-04",9.21927897618615e-05,8.92055467413647e-05,8.68240185660694e-05
"2016-05-18",0.000101205671817748,9.65688263618077e-05,9.13517217105634e-05
"2016-06-01",8.42885572241342e-05,5.98325429333163e-05,5.65682173061271e-05
"2016-06-15",0.000186195467835621,0.000203363545060285,0.000206048127252984
"2016-06-29",4.03250234389051e-05,0.000103162519957918,0.000102690359249362
"2016-07-13",0.000131231114344498,0.000120422740434109,0.000117723590818155
"2016-07-27",0.000120198051388181,9.35443772324144e-05,8.90819456729424e-05
"2016-08-10",0.000113119921153612,7.74953053708211e-05,7.37331533840487e-05
"2016-08-24",0.000102728207814816,7.25214022196647e-05,7.06476008311511e-05
"2016-09-07",8.60916521460755e-05,0.000111022282903985,0.000112775545865345
"2016-09-21",6.02052567916178e-05,4.52352639497028e-05,4.34257833249564e-05
"2016-10-05",6.81318553215691e-05,5.49523019373133e-05,5.25394109029817e-05
"2016-10-19",9.09982160310216e-05,6.6203271461879e-05,6.40304321934997e-05
"2016-11-02",0.000129519716148343,0.000132674348337771,0.000132896672597424
"2016-11-16",8.85068300420593e-05,8.69209865685838e-05,8.21140541664918e-05
"2016-11-30",7.3986260666486e-05,5.91370834645007e-05,5.71689461701883e-05
"2016-12-14",7.74610500395385e-05,6.31123636713152e-05,5.98589376409178e-05
"2016-12-28",5.25139620663211e-05,3.16072104613779e-05,3.01083987487812e-05
"2017-01-11",6.71398555026484e-05,4.32088197329528e-05,4.1910288993231e-05
"2017-01-25",5.64349796763402e-05,4.19432396461413e-05,4.0894371051119e-05
"2017-02-08",4.36948898923751e-05,3.44376206220209e-05,3.35741183770918e-05
"2017-02-22",4.38349582439898e-05,4.4648326554264e-05,4.45889012053182e-05
"2017-03-08",2.51724357622015e-05,2.60074026641798e-05,2.63766155444212e-05
"2017-03-22",5.09800829455579e-05,5.02970753612531e-05,4.90425939860602e-05
"2017-04-05",2.81319399769426e-05,1.92055262722167e-05,1.86384773881992e-05
"2017-04-19",3.09878608457395e-05,2.37842732269064e-05,2.34110723064791e-05
"2017-05-03",4.05652749636766e-05,2.93108881952461e-05,2.8803626223973e-05
"2017-05-17",2.93757471333949e-05,3.41281448882808e-05,3.47039007718666e-05
"2017-05-31",4.2760914288337e-05,3.33333705189284e-05,3.26318765335637e-05
"2017-06-14",2.87379142579047e-05,2.48521540302444e-05,2.46715989100697e-05
"2017-06-28",2.26244058462572e-05,2.00838975459445e-05,1.98839021278244e-05
"2017-07-12",2.41199459535039e-05,2.10438393758592e-05,2.11451247250177e-05
"2017-07-26",3.79564242819729e-05,3.2652975649099e-05,3.26325693794621e-05
"2017-08-09",4.9931630376237e-05,5.50643821295211e-05,5.49013904391726e-05
"2017-08-23",3.41964414171546e-05,2.71447520932223e-05,2.73175589786998e-05
"2017-09-06",3.07146259992372e-05,2.6190161106745e-05,2.65011510838585e-05
"2017-09-20",2.82115016363162e-05,2.64025695696551e-05,2.64838079461415e-05
"2017-10-04",3.19948840471199e-05,2.58746030400895e-05,2.59566717490416e-05
"2017-10-18",7.29946981746718e-05,7.56593522802063e-05,7.57295067804827e-05
"2017-11-01",2.65857575385137e-05,2.57343616771881e-05,2.53626612584451e-05
"2017-11-15",2.1496185138326e-05,2.06826609604105e-05,2.06770508565334e-05
"2017-11-29",6.30659035780623e-05,6.3127941741828e-05,6.31013086406821e-05
"2017-12-13",2.10506266112285e-05,2.3945021103627e-05,2.39870471852901e-05
"2017-12-27",2.33407109117206e-05,2.38666337537633e-05,2.39495573728964e-05
"2018-01-10",3.2998982391412e-05,3.37909203030667e-05,3.37718730210503e-05
"2018-01-24",0.000211552344477868,0.000212559678272653,0.000212538943900659
"2018-02-07",0.000169902883025892,0.000150817963741541,0.000153168866493675
"2018-02-21",5.37864239910748e-05,4.67737259955985e-05,4.99429905876536e-05
"2018-03-07",2.31781828390832e-05,2.54846874138036e-05,2.65131602363921e-05
"2018-03-21",0.000230295677252876,0.00022924391724331,0.00023244677799717
"2018-04-04",6.91413807721725e-05,3.7929343539044e-05,3.92889940752496e-05
"2018-04-18",4.94308153158086e-05,5.28853312914282e-05,5.01084699567977e-05
"2018-05-02",3.69943420514963e-05,4.32487615572514e-05,3.95528506152428e-05
"2018-05-16",4.3415025041392e-05,4.29199355514937e-05,3.80789025640782e-05
"2018-05-30",4.67111129734888e-05,4.5211642541851e-05,4.23109020726776e-05
"2018-06-13",4.00530583589468e-05,3.85650450876138e-05,3.67462451943861e-05
"2018-06-27",3.39881017328486e-05,4.30743966833633e-05,3.84794321142131e-05
"2018-07-11",4.87282682977789e-05,4.51795698531062e-05,4.0948391587915e-05
"2018-07-25",4.81297223362076e-05,4.36595396059131e-05,3.9277165406062e-05
"2018-08-08",3.10420345756566e-05,2.74900025654952e-05,2.63337483305794e-05
"2018-08-22",4.46525090986782e-05,3.74806113265366e-05,3.31588028767691e-05
"2018-09-05",4.49646890247316e-05,3.3901922958268e-05,2.92868766107988e-05
"2018-09-19",5.27580583994161e-05,4.59791766961543e-05,4.1067670226907e-05
"2018-10-03",0.000150841091682435,0.000161495108463078,0.000167697223684506
"2018-10-17",0.000207895450946915,0.000175211074527567,0.000176402752121004
"2018-10-31",6.6797672623471e-05,6.64081870018165e-05,6.04705964310724e-05
"2018-11-14",5.1286661678382e-05,4.28711400623212e-05,4.08766725609756e-05
"2018-11-28",0.000174741083062908,0.000158183978727687,0.000165417060999418
"2018-12-12",0.000177538523965996,0.000146376216647613,0.000150177662387367
"2018-12-26",0.000331238838906448,0.000264902227087785,0.000267991749853211
"2019-01-09",5.32134871924425e-05,0.000187639556150667,0.000180207083706816
"2019-01-23",7.34856211576883e-05,8.35847285867305e-05,7.77817358252224e-05
"2019-02-06",7.3840559565668e-05,6.72303174840445e-05,6.01903713538248e-05
"2019-02-20",8.64019132195843e-05,5.70488679331448e-05,5.06577050071969e-05
"2019-03-06",5.40768580250349e-05,2.29334635531289e-05,2.23485773755577e-05
"2019-03-20",4.35155053193869e-05,5.6404788301215e-05,5.9937583696719e-05
"2019-04-03",6.99742913739812e-05,5.93674200019695e-05,5.33759999133374e-05
"2019-04-17",7.82608631628074e-05,6.02474440975224e-05,5.05450918341755e-05
"2019-05-01",4.96756189798655e-05,7.11346924990043e-05,7.73094476408599e-05
"2019-05-15",3.6875626595393e-05,6.54069871512438e-05,6.2726374315757e-05
"2019-05-29",3.09952530809283e-05,3.05676731251103e-05,3.22864804763095e-05
"2019-06-12",6.2498725153524e-05,5.83091846802541e-05,5.32906267072251e-05
"2019-06-26",7.5107322491906e-05,6.0185237960361e-05,5.50570445712605e-05
"2019-07-10",8.48961294308534e-05,5.95330058553338e-05,5.47998467829726e-05
"2019-07-24",5.90090847749674e-05,7.69139915517297e-05,8.19548706498762e-05
"2019-08-07",0.000127164288910698,9.1334266206593e-05,9.37559425765613e-05
"2019-08-21",3.83503004532419e-05,3.52374272192557e-05,3.45205417675479e-05
"2019-09-04",8.49238030946664e-05,8.17870695347152e-05,7.68957171771248e-05
"2019-09-18",7.09904409047974e-05,4.80662130243896e-05,4.19589443949467e-05
"2019-10-02",4.22832577812749e-05,5.31866228447227e-05,5.36757458790539e-05
"2019-10-16",9.10442007337007e-05,7.5178535018693e-05,6.99114853330835e-05
"2019-10-30",9.00154214047899e-05,6.99579485703606e-05,6.4235529424717e-05
"2019-11-13",7.60370911469414e-05,4.75335571589255e-05,4.36654267782581e-05
"2019-11-27",5.60919126334975e-05,3.54426807255316e-05,3.12223881117104e-05
"2019-12-11",5.94738844453695e-05,3.86012907016592e-05,3.60690475771154e-05
"2019-12-25",4.91098396584011e-05,3.57374645143635e-05,3.40287604465495e-05
"2020-01-08",4.5522143660171e-05,3.25049239670847e-05,3.10613810876055e-05
"2020-01-22",0.000107965709048984,0.000119006638384155,0.000121375320094095
"2020-02-05",2.90671667085405e-05,4.57300228675309e-05,4.42798259262911e-05
"2020-02-19",0.000609245600367657,0.000615159356836667,0.000617841900866799
"2020-03-04",0.00512628494864724,0.00489968696460942,0.0049247284087802
"2020-03-18",0.00237129223028923,0.00280463923864205,0.00177112972261683
"2020-04-01",0.000770944119973917,0.000585149178249966,0.000511779763780211
"2020-04-15",0.00029317886325652,0.000437025436345831,0.000307824915607871
"2020-04-29",0.000154107953437186,0.000301261434324198,0.000271113627916891
"2020-05-13",0.000192071777554792,0.000234928182922602,0.000223840474597852
"2020-05-27",0.000242317849488612,0.000175488515320554,0.000130341453730755
"2020-06-10",0.000168752078759405,0.000236737694287997,0.00030193827747074
"2020-06-24",0.000245430943438787,0.000107798389786826,0.00011808920352389
"2020-07-08",0.000380143806630617,0.000163557279794686,0.000124269784826789
"2020-07-22",0.000501957551382742,0.000314980714038501,0.000285894456001983
"2020-08-04",0.000447327799553642,0.000172649161981871,0.000130450787095119
"2020-08-18",0.00047459505164164,0.000216156100270831,0.0001725152311562
"2020-09-01",0.000308114682118785,0.000198711207996393,0.000241388266659997
"2020-09-15",0.000343021746548356,0.000198291741633508,0.000156261975550417
"2020-09-29",0.000405778976722424,0.000210518042801514,0.000154516821624253
"2020-10-13",0.000443223894706806,0.00017063896093696,0.000125019143926907
"2020-10-27",0.000304718766397461,0.000218808418405182,0.00021718291824882
"2020-11-10",0.000421245280121313,0.000554705126881617,0.000420086641601553
"2020-11-24",0.000468367407063041,0.000232355064337738,0.000185182329677627
"2020-12-08",0.000480427884385995,0.000199711836635367,0.000152975136115799
"2020-12-22",0.000510299269462926,0.000227895312404454,0.000180907276887604
"2021-01-05",0.000439656837815058,0.000206685856865235,0.000189028859601782
"2021-01-19",0.000377920321444967,0.000101243861725507,8.7734794104643e-05
"2021-02-02",0.000499499600219911,0.000265384875043274,0.000226344717443261
"2021-02-16",0.000375030122933603,0.000179214752337616,0.000186228865127846
"2021-03-02",0.000327829941936415,0.000223521181630049,0.000210849522287445
"2021-03-16",0.000135017474930067,9.04646343142288e-05,8.33534576327048e-05
"2021-03-30",0.000176022626294692,0.000145407403812492,0.000140464248214723
"2021-04-13",0.000117847449875765,7.11663579708039e-05,6.78070787452235e-05
"2021-04-27",0.000135417189311563,0.000105091707717781,0.000102471611522129
"2021-05-11",6.68271566385335e-05,6.60587938857688e-05,6.7471753173263e-05
"2021-05-25",0.000136472855553924,0.000117159436672232,0.000114586496474162
"2021-06-08",0.000108821229326819,9.94203257681899e-05,9.89392644181306e-05
"2021-06-22",0.000112123706821486,0.000104455099460274,0.000103197931097272
"2021-07-06",7.71483462109729e-05,6.26869365977836e-05,6.26558677420246e-05
"2021-07-20",6.83424864513775e-05,6.07017273387715e-05,5.85095701263558e-05
"2021-08-03",8.64730024888048e-05,6.52688100594872e-05,6.32485977857387e-05
"2021-08-17",7.32874879017902e-05,4.81238592383084e-05,4.72558435392355e-05
"2021-08-31",9.3900864747076e-05,6.57714961677108e-05,6.20672676927608e-05
"2021-09-14",5.78871071860401e-05,5.52331525379232e-05,5.5585340011185e-05
"2021-09-28",6.29733266426669e-05,5.77274321577984e-05,5.76180058590486e-05
"2021-10-12",6.47937419216533e-05,5.70548585534091e-05,5.67030767725602e-05
"2021-10-26",7.0583139817251e-05,6.37203300609384e-05,6.32724818344897e-05
"2021-11-09",7.68923957730224e-05,6.88477346790115e-05,6.78417497100543e-05
"2021-11-23",0.000149107633728872,0.000155848029358871,0.000156648463151094
"2021-12-07",9.19585927174229e-05,9.00985418752254e-05,9.2055368952535e-05
"2021-12-21",7.13033403112902e-05,7.25203058756146e-05,7.13598968160412e-05
"2022-01-04",6.66296186645854e-05,7.06612493007067e-05,7.22339279336014e-05
"2022-01-18",0.000204133143119958,0.000207129360564658,0.000209274262595071
"2022-02-01",0.000101241902712365,9.49379268055629e-05,9.4592839551877e-05
"2022-02-15",0.00020740757374819,0.000180486534043604,0.000183270752614171
"2022-03-01",0.000240472998225064,0.000223079177830142,0.000220703415516471
"2022-03-15",0.0001304039582224,0.000108339763495627,0.000112852906545183
"2022-03-29",7.53314751683806e-05,7.13255495469933e-05,7.16113163224162e-05
"2022-04-12",0.00010752776009951,0.00010217054012518,0.000103691850732159
"2022-04-26",0.00056225439568847,0.000528028863399749,0.000532037311279387
"2022-05-10",0.000278884133672703,0.000160620560635837,0.000158126455692093
"2022-05-24",0.000175819070150202,0.000112110237310729,0.000116543815407507
"2022-06-07",0.000405610027921711,0.000342332868460767,0.000352158976927401
"2022-06-21",0.000117251899037563,0.000167878008526018,0.000159001088642338
"2022-07-05",9.92983991616644e-05,0.000144816086318007,0.000131189904590186
"2022-07-19",0.000146219520820765,0.000151174253620195,0.000160177154921037
"2022-08-02",9.95916235511247e-05,0.000144598028662774,0.000137093784766179
"2022-08-16",9.12979174198623e-05,9.93830514923952e-05,0.000101468463084171
"2022-08-30",9.89187195905183e-05,0.00010892778945474,0.000105157288900372
"2022-09-13",0.000169887978889913,0.000178676924297183,0.000181229497249686
"2022-09-27",0.000215000093735174,0.000197800427604019,0.000199558754299153
"2022-10-11",0.000133560476990303,0.000112214581420916,0.000113118262679739
"2022-10-25",0.000133179432910911,0.000139803503275558,0.000138941092453365
"2022-11-08",0.00022489847947512,0.000206043986856682,0.000208590026768047
"2022-11-22",8.9513553044915e-05,0.000101139433254829,0.000100217638398071
"2022-12-06",0.00013157144881791,0.000132255514872557,0.000131640615723586
"2022-12-20",0.000142312943927757,0.000137015494468821,0.000136786810746136
"2023-01-03",0.00013694804809021,0.000110430409626836,0.000110374202296587
"2023-01-17",0.000129140989103148,0.000106433712029478,0.000106664956329172
"2023-01-31",0.000136188725543031,0.000111553601333959,0.000110797639438679
"2023-02-14",0.000150538366159022,0.000112289123478811,0.000111831554373038
"2023-02-28",0.000127103405330086,0.000101421089646839,0.00010108035846457
"2023-03-14",0.000123617891502979,0.000100223715922614,0.000100638370257985
"2023-03-28",0.000162112353378605,0.000120606178486595,0.000119557402993465
"2023-04-11",0.000198799585433896,0.000115694018912336,0.000114314487385486
"2023-04-25",9.66681091151288e-05,0.000105175568975744,0.000105589566718958
"2023-05-09",0.000151211963664113,9.96606474080132e-05,9.87614599366534e-05
"2023-05-24",0.000105510201816054,8.34165255303593e-05,8.36983359014047e-05
"2023-06-07",0.00014272849685604,0.000111870406866374,0.00011132704205837
"2023-06-21",0.000121456015584412,7.80852496821275e-05,7.72259388794399e-05
"2023-07-05",0.000118263292239287,6.89155220847056e-05,6.79941767383752e-05
"2023-07-19",0.000128664587815346,8.06180734939822e-05,7.96042004236431e-05
"2023-08-02",0.000101651599388006,5.09386333248569e-05,4.97078300424895e-05
"2023-08-16",8.18185979841451e-05,4.90390383745381e-05,4.87025902410559e-05
"2023-08-30",0.00012861897097455,8.31166879037228e-05,8.15632360484018e-05
"2023-09-13",5.75308655441915e-05,3.96614053898261e-05,4.10438761307455e-05
"2023-09-27",7.26561235385583e-05,4.89493642087326e-05,4.78551147552042e-05
"2023-10-11",8.31047095227908e-05,9.8181876759909e-05,9.83753910116378e-05
"2023-10-25",6.85116271815779e-05,7.90628974810967e-05,7.92412968394785e-05
"2023-11-08",9.98724722760997e-05,0.000102050241910178,0.000101955560366197
"2023-11-22",7.56250102483587e-05,6.812232853221e-05,6.8096816746288e-05
"2023-12-06",9.83039102194963e-05,9.59311521318154e-05,9.56695826985138e-05
"2023-12-20",4.52650082914643e-05,4.13117150800505e-05,4.13168209247565e-05
"2024-01-03",4.43652618959773e-05,3.82407561635457e-05,3.81085151412589e-05
"2024-01-17",6.78634568716653e-05,6.12912766287081e-05,6.13828202926633e-05
"2024-01-31",6.87806164649555e-05,7.05913067257617e-05,7.0503211684573e-05
"2024-02-14",5.180427209126e-05,5.19004954520422e-05,5.20396508942682e-05
"2024-02-28",6.69803071711008e-05,6.28358101168657e-05,6.27468679569254e-05
"2024-03-13",3.94823486839326e-05,3.79722970187957e-05,3.79892081422232e-05
"2024-03-27",3.77897476161094e-05,3.58740427703576e-05,3.5900814992879e-05
"2024-04-10",4.78311329830297e-05,4.99319319700232e-05,4.99644286076898e-05
"2024-04-24",0.000125926874678215,0.00012796307828992,0.000127950073649987
"2024-05-08",6.25281618263858e-05,0.000180537491113051,0.00018111738620851
"2024-05-22",9.08862624238358e-05,9.34357782499832e-05,9.34342234188816e-05
"2024-06-05",4.77341322685509e-05,5.13252437976264e-05,5.1531050574761e-05
"2024-06-19",7.59726212292177e-05,7.59510647830261e-05,7.61119032568392e-05
"2024-07-03",7.48039983680928e-05,7.49708268278462e-05,7.50424806864111e-05
"2024-07-17",9.89899373952626e-05,9.92246587544399e-05,9.92518337368945e-05
"2024-07-31",0.000202633948898922,0.000198127284360599,0.000197841147898468
"2024-08-14",5.61900401546769e-05,5.62647721421986e-05,5.63553029154513e-05
"2024-08-28",6.50662564038162e-05,6.19641486341277e-05,6.28497677210605e-05
"2024-09-11",5.42699043927946e-05,5.52413853632794e-05,5.49558017164156e-05
"2024-09-25",5.79821987546598e-05,5.72252224154229e-05,5.66784973358949e-05
"2024-10-09",5.58266025586035e-05,6.05052414164865e-05,6.00502839242685e-05
"2024-10-23",9.72567225568897e-05,9.53655752866796e-05,9.517584714901e-05
"2024-11-06",0.000330973343952207,0.000327624150743369,0.000327970111006217
"2024-11-20",5.75664152334072e-05,7.61870937343352e-05,7.49205494097305e-05
"2024-12-04",7.72670666759987e-05,8.34074678907851e-05,8.34533206048852e-05
"2024-12-18",0.000124622344628607,0.000120518222891927,0.000120845467612386
"2025-01-01",5.44108374993099e-05,5.74457914355954e-05,5.75810218198293e-05
"2025-01-15",8.25257231143248e-05,8.55920269388221e-05,8.53388117958815e-05
"2025-01-29",5.84852510012054e-05,6.56139011837859e-05,6.51582316835447e-05
"2025-02-12",6.70440777441123e-05,6.73671922799063e-05,6.73730485572138e-05
"2025-02-26",0.000207323948970775,0.000202554053670656,0.000203025555173527
"2025-03-12",9.32161579553301e-05,8.09981596619733e-05,8.18952130457637e-05
"2025-03-26",0.00059703926885965,0.00059112473921598,0.000592008778536562
"2025-04-09",0.000940379850825543,0.000852262124435542,0.000864501638971773
"2025-04-23",7.61466626530983e-05,0.000234434946415899,0.000200099607281251
"2025-05-07",0.000149695998380264,0.00016591682336645,0.000159029299173398
"2025-05-21",7.86441964673456e-05,8.32529231500019e-05,7.56601270573951e-05
"2025-06-04",0.000144085656513242,0.000134332190817013,0.000127496901761015
"2025-06-18",0.000122674355814753,0.00012340521324888,0.000112761193688287
"2025-07-02",0.000114762631315971,0.000105173811435141,9.440745991275e-05
"2025-07-16",0.00012652048203395,0.000115654576729006,0.000104827414373646
"2025-07-30",9.83305649761137e-05,9.23404843781116e-05,8.6308627432796e-05
"2025-08-13",0.000120896076201737,0.000116408877074092,0.000107914725066348
"2025-08-27",0.000129441825747546,0.000115766066595807,0.000104793103721953
"2025-09-10",0.000115597942531263,9.6197992277886e-05,8.4796434015005e-05
"2025-09-24",0.000119039895378533,9.57992915079153e-05,8.45122224203253e-05
"2025-10-08",6.67555065165271e-05,6.9496898205851e-05,7.42095867080894e-05
"2025-10-22",0.000202077857469093,0.000197224635199535,0.000192389266338805
"2025-11-05",9.20062900795817e-05,9.17573035974147e-05,8.36880098019886e-05
"2025-11-19",8.55802030968557e-05,7.84895624615543e-05,7.02717424620685e-05
"2025-12-03",0.000111314915575389,8.83202425547329e-05,7.72429150313136e-05
"2025-12-17",0.000115465758728457,9.53675198011925e-05,8.32895283069153e-05
"2025-12-31",0.000108432852652379,7.66934837752933e-05,7.24745735098466e-05
"2026-01-14",9.29477685350173e-05,6.84227583292981e-05,6.18707473927493e-05
"2026-01-28",0.000135155764646522,0.000128223958135882,0.000125236747874626
"2026-02-11",0.000110516624663483,0.00010426197545446,9.13453127224707e-05
"2026-02-25",0.000106444359646017,9.59808438510282e-05,8.80618201215048e-05
"2026-03-11",8.33281752695518e-05,7.74872937618946e-05,8.03435131069239e-05
"2026-03-25",8.92249199311353e-05,0.000101715775182656,0.000102107277990402
"2026-04-08",0.000113968403491034,0.00010842905786227,0.000108718180925958
"2026-04-22",7.83535951409739e-05,8.03206504345327e-05,8.06228500855657e-05
"2026-05-06",8.85216749479851e-05,8.82228008712298e-05,8.85458382298805e-05
"2026-05-20",8.81608031035701e-05,9.10742359210034e-05,9.10965027435523e-05
