Model,Covariance Type,#Rolling Windows,Sharpe Ratio,Mean Return,Std Dev
HRP,GARCH,1,0.1552003323557198,0.0013397114024917111,0.008632142613078217
HRP,Historical,1,0.14647043251770722,0.0012834469427401487,0.008762498482995804
MVP,GARCH,1,0.2513313320073788,0.0018798240792331298,0.007479465708548986
MVP,Historical,1,0.10996353485480445,0.0008881190190079969,0.00807648662968744
ERC,GARCH,1,0.1342922321344619,0.001198891578164865,0.00892748269285195
ERC,Historical,1,0.16193057617443934,0.0014710052722972143,0.0090841724092464
Naive,N/A,1,0.18474955985835248,0.001836060631339656,0.009938105577882642
HRP,GARCH,2,-0.022517529536403125,-0.0003735669703196138,0.01659005130716867
HRP,Historical,2,-0.02811403860553685,-0.0004739365457242359,0.016857647254951754
MVP,GARCH,2,0.05711099250874485,0.0008185203210468306,0.01433209764164926
MVP,Historical,2,0.05398129205429782,0.0006218890022072458,0.011520454189605359
ERC,GARCH,2,0.0029789150575947427,4.94220752192609e-05,0.01659062922699301
ERC,Historical,2,-0.0024231369631046605,-4.028555707116617e-05,0.01662537350738525
Naive,N/A,2,0.004433475862843743,8.135312570311346e-05,0.018349739170775935
HRP,GARCH,3,0.0907710859179967,0.0012767152164417214,0.014065219155746532
HRP,Historical,3,0.07097992058631648,0.0010044517852692916,0.014151210327825162
MVP,GARCH,3,0.09572141907478328,0.0010951083448181703,0.011440577828903753
MVP,Historical,3,0.11210893936941144,0.0009025283855382011,0.008050458693256116
ERC,GARCH,3,0.06413309019252944,0.0009655583384273136,0.015055540525626923
ERC,Historical,3,0.054162449549227,0.0008159151289081663,0.015064221350745961
Naive,N/A,3,0.05194214350280117,0.0008754066666134765,0.016853495207918536
HRP,GARCH,4,-0.22592386487966182,-0.0031241932023794096,0.013828522294638988
HRP,Historical,4,-0.21712641760969378,-0.003053474386536759,0.014063117791708244
MVP,GARCH,4,-0.12963698635024481,-0.001500789643627701,0.011576863099647849
MVP,Historical,4,-0.1269553636201981,-0.0013266462696741085,0.010449706352249337
ERC,GARCH,4,-0.2235959123897678,-0.0033280829625690306,0.014884364061036968
ERC,Historical,4,-0.21180328433811785,-0.0032430349117235145,0.015311542131454433
Naive,N/A,4,-0.19445035893977108,-0.0034959754076371334,0.01797875522934866
HRP,GARCH,5,0.025672729050415146,0.00034320942637511325,0.013368638203641358
HRP,Historical,5,0.03312711861721534,0.0004581558539919505,0.013830235562771171
MVP,GARCH,5,-0.3733512155713775,-0.002536535261897037,0.006793965456936086
MVP,Historical,5,-0.12349093304223577,-0.0012814046990486283,0.010376508359608624
ERC,GARCH,5,0.044686586278609525,0.0007453208848494173,0.016678850342304753
ERC,Historical,5,-0.021413084577503353,-0.0004571245822108772,0.02134790905795672
Naive,N/A,5,0.06838877901597225,0.0011680017025640723,0.01707885005947079
HRP,GARCH,6,-0.09691102333274886,-0.0017899345095469413,0.01846987523185171
HRP,Historical,6,-0.1086413135495133,-0.0020484148524739475,0.018854842467827693
MVP,GARCH,6,-0.11651482284664103,-0.0015757715260702957,0.013524215096171544
MVP,Historical,6,-0.11301133845164908,-0.0018341650424643806,0.016229920533585327
ERC,GARCH,6,-0.12377281719441126,-0.0026881367644677923,0.02171831283637592
ERC,Historical,6,-0.22979523925544473,-0.006504464412584139,0.02830547940705444
Naive,N/A,6,-0.11803634457815174,-0.0026860862699292954,0.022756433872372594
HRP,GARCH,7,0.1343330360128883,0.0020923460654679515,0.015575811636291806
HRP,Historical,7,0.1363742348240973,0.0021488191539120755,0.015756782479357162
MVP,GARCH,7,0.13323078983695633,0.001960503281576644,0.014715091638921053
MVP,Historical,7,0.054507472676607806,0.0006218177148470686,0.011407935174986112
ERC,GARCH,7,0.10047825097145963,0.0016997675572066378,0.01691677095065527
ERC,Historical,7,0.10755305640116945,0.001877564857483979,0.017457103687325465
Naive,N/A,7,0.09738753066644994,0.0019672556358994306,0.02020028254579363
HRP,GARCH,8,-0.482209212239992,-0.016974078951842796,0.03520065258188166
HRP,Historical,8,-0.48757766238375566,-0.017032128344594798,0.03493213421903933
MVP,GARCH,8,-0.3172552983178415,-0.008579921068567557,0.027044216799720022
MVP,Historical,8,-0.2553252308392095,-0.007543328853623295,0.029544000915341144
ERC,GARCH,8,-0.5525704791675697,-0.020422480015230712,0.03695905008533309
ERC,Historical,8,-0.488958531857214,-0.01854374107457853,0.03792497699987713
Naive,N/A,8,-0.5013699576769137,-0.020348117318076675,0.0405850350754146
HRP,GARCH,9,0.09844289017728314,0.0026352538543456517,0.026769366986278992
HRP,Historical,9,0.08862124386886308,0.002524767380847178,0.02848941484711264
MVP,GARCH,9,0.004359143602271528,9.536798039743698e-05,0.02187768724749999
MVP,Historical,9,-0.15318446533381386,-0.0023762388120106373,0.01551227016938321
ERC,GARCH,9,0.09721102654944351,0.0029317071464643302,0.03015817495737692
ERC,Historical,9,0.0925624634373916,0.002917453266846475,0.03151875132212545
Naive,N/A,9,0.08285134573799297,0.002969908577287845,0.03584623219856694
HRP,GARCH,10,0.11688396879006334,0.005103943211934926,0.04366675143536731
HRP,Historical,10,0.1317538004841649,0.005946805296886206,0.04513574010793665
MVP,GARCH,10,0.0967323967630789,0.0032602857551683067,0.033704176307690764
MVP,Historical,10,-0.23904149738438685,-0.005567647313185396,0.023291551358684933
ERC,GARCH,10,0.15071502807420442,0.007263652013187622,0.04819461009297207
ERC,Historical,10,0.1587137243971651,0.007885259081102332,0.04968227612988443
Naive,N/A,10,0.1901937377240334,0.010479076940901161,0.055096855797145405
HRP,GARCH,11,-0.03030269096801173,-0.0004046153095404976,0.013352454736367128
HRP,Historical,11,-0.039445417232488275,-0.0005472275330864525,0.01387303193831454
MVP,GARCH,11,-0.19511076941389066,-0.0019728809349579676,0.010111594254302145
MVP,Historical,11,-0.06264185023806297,-0.0005464501486425485,0.008723403707997596
ERC,GARCH,11,-0.07404151807958921,-0.0011520432096866495,0.015559421788844029
ERC,Historical,11,-0.08407684099632094,-0.0013455989114836097,0.016004394260513317
Naive,N/A,11,-0.11839070909281478,-0.0022280704076769915,0.018819639013482475
HRP,GARCH,12,0.3021106575173251,0.008022251140815166,0.026554015693256754
HRP,Historical,12,0.30562688607675637,0.008336877341567442,0.02727795793290805
MVP,GARCH,12,0.26864657166533534,0.006534594247028922,0.02432413042355645
MVP,Historical,12,0.22218547130849678,0.004312579538735289,0.01940981790275307
ERC,GARCH,12,0.3040612911549239,0.009543939602783243,0.031388209813002665
ERC,Historical,12,0.30497120160245633,0.009700243649031468,0.0318070807934061
Naive,N/A,12,0.30782281583951854,0.011629119732978031,0.03777861527665577
HRP,GARCH,13,0.28628970188997493,0.00284376755241535,0.009933181436991572
HRP,Historical,13,0.2943432603119956,0.0029331184400247824,0.009964958725114886
MVP,GARCH,13,0.06855919049306632,0.0006765503722512013,0.009868120778345884
MVP,Historical,13,0.1540357351408651,0.0013943918578903068,0.009052392009004538
ERC,GARCH,13,0.22761448996811667,0.0026835596442829324,0.011789933253629129
ERC,Historical,13,0.2310325536939449,0.002745519688384474,0.011883691906126521
Naive,N/A,13,0.17863315148413403,0.0025387560427671606,0.01421212144372121
HRP,GARCH,14,0.12791374015580753,0.0017924987932587812,0.01401334048301142
HRP,Historical,14,0.13216962548515168,0.0019155270355295493,0.014492944415165535
MVP,GARCH,14,0.10180268952940884,0.0017017270175425214,0.016715933787298666
MVP,Historical,14,0.054579697427465684,0.001024179461822076,0.018764843157717596
ERC,GARCH,14,0.145538387447121,0.002277877676571404,0.01565138735235083
ERC,Historical,14,0.14656660439070668,0.0023328966727834155,0.01591697291809086
Naive,N/A,14,0.1565456630690505,0.0027742095781393343,0.017721408078329594
HRP,GARCH,15,0.18755119878737497,0.0026345253219103204,0.014046966049505538
HRP,Historical,15,0.17852938645214544,0.0025290054761378114,0.014165765795737542
MVP,GARCH,15,0.29431779735797553,0.00322815250968252,0.010968254514884647
MVP,Historical,15,0.22970512416359942,0.0020434266587826527,0.008895868850219004
ERC,GARCH,15,0.1964470359537937,0.003107765176670791,0.015819862903921688
ERC,Historical,15,0.19114467064417237,0.003017719363344518,0.01578761967662802
Naive,N/A,15,0.20414713293477108,0.0036230858114426495,0.017747424415704604
HRP,GARCH,16,-0.027565691565807605,-0.0006604755842536199,0.023960058563263897
HRP,Historical,16,-0.02572915950328432,-0.0006172184643896679,0.023989064404178462
MVP,GARCH,16,-0.08778939783844818,-0.0015868860673846474,0.018076055952734375
MVP,Historical,16,-0.13600051112440184,-0.001726955631922143,0.012698155452831122
ERC,GARCH,16,-0.034160860873732685,-0.0009193980227966689,0.026913783765432613
ERC,Historical,16,-0.03266304552532672,-0.0008738818496679111,0.0267544509586624
Naive,N/A,16,-0.04163457800208144,-0.001269370308978149,0.030488367359330252
HRP,GARCH,17,0.30702686959271774,0.0035990218988970857,0.011722172406836309
HRP,Historical,17,0.3018972565812421,0.003659809118200571,0.012122697501942014
MVP,GARCH,17,0.1223096965784269,0.001783365729074974,0.014580738722799889
MVP,Historical,17,-0.0788210021589128,-0.0010883547710363961,0.013807928613266544
ERC,GARCH,17,0.2937812683200794,0.003835458989130621,0.013055491968779394
ERC,Historical,17,0.2938084708044152,0.003910887700278971,0.013311010705618501
Naive,N/A,17,0.27823964511480204,0.004125926876058317,0.01482868077392765
HRP,GARCH,18,0.29384374943309327,0.002115373214303578,0.00719897298610137
HRP,Historical,18,0.32495265129954776,0.002314421808085405,0.0071223355120494936
MVP,GARCH,18,0.304763103971884,0.0019869815555720255,0.006519757574576137
MVP,Historical,18,0.11548202502498223,0.0008831973673498158,0.007647920679939183
ERC,GARCH,18,0.3292742892553919,0.002651004501426507,0.008051052231929147
ERC,Historical,18,0.34601105416631384,0.002725327248266282,0.007876416708225528
Naive,N/A,18,0.37957971078403036,0.0034053206285840705,0.008971292542349813
HRP,GARCH,19,0.2422394270750618,0.0017825493187602552,0.007358625886313311
HRP,Historical,19,0.27483985355135626,0.0020504695812283173,0.007460597707112258
MVP,GARCH,19,0.228617583955316,0.001639647529472651,0.007172009698926418
MVP,Historical,19,0.3804978917847884,0.00384422374915629,0.01010314073259203
ERC,GARCH,19,0.22475459935554318,0.0019355019727861796,0.008611623425442678
ERC,Historical,19,0.24098151510660593,0.0020615108220878057,0.008554642961622306
Naive,N/A,19,0.19898169576180763,0.001981720894909313,0.009959312525316627
HRP,GARCH,20,0.06698587224561124,0.0008335348690461388,0.012443442790292993
HRP,Historical,20,0.08161744094071562,0.0010315201624536122,0.012638477151015756
MVP,GARCH,20,0.1473630742770018,0.0019474834834226572,0.013215545977019504
MVP,Historical,20,0.3699427089436855,0.0035595750602768596,0.00962196300730099
ERC,GARCH,20,0.05147236501516756,0.0006899362150217566,0.013404012324253032
ERC,Historical,20,0.061557918237740976,0.0008319007774580184,0.013514114857574611
Naive,N/A,20,0.023887022727628257,0.00034517818043087187,0.014450448026393477
HRP,GARCH,21,-0.12061658823681595,-0.0034535749404129602,0.028632669775340413
HRP,Historical,21,-0.11538664259247478,-0.0031934378742860684,0.027675975334205072
MVP,GARCH,21,-0.14644044079388177,-0.0032400533756067086,0.022125400320032886
MVP,Historical,21,0.04421583093364727,0.0007254459838248304,0.01640692866121808
ERC,GARCH,21,-0.12557831167582745,-0.0038726577920164935,0.030838587812945895
ERC,Historical,21,-0.12111276979335243,-0.0036609873698648663,0.03022792209369328
Naive,N/A,21,-0.13139314549231582,-0.004363284243636122,0.03320785287000605
HRP,GARCH,22,0.23388815839413526,0.004533108913670586,0.019381523822303327
HRP,Historical,22,0.2369190706341815,0.004495435562767188,0.018974561865086975
MVP,GARCH,22,0.18688042074943953,0.00229630351479894,0.01228755535539871
MVP,Historical,22,0.03325778431424287,0.0006023260998002897,0.018110830658744137
ERC,GARCH,22,0.20392515949097104,0.004616725686526806,0.022639313844602955
ERC,Historical,22,0.20637131137408873,0.004585856072405002,0.022221383591890024
Naive,N/A,22,0.18259048031858313,0.004735142575078861,0.025933129519222487
HRP,GARCH,23,0.1736716656819369,0.002294422236568167,0.013211264068660357
HRP,Historical,23,0.17051200465963773,0.0022853570300980543,0.013402909869366084
MVP,GARCH,23,-0.04471484072125928,-0.00039253345518682365,0.008778594508113658
MVP,Historical,23,-0.12004988561893817,-0.0009128644625635227,0.007604042751536917
ERC,GARCH,23,0.174331476015335,0.0026379737219918617,0.015131941645235732
ERC,Historical,23,0.1730615855372908,0.0026309310517377317,0.015202282144646284
Naive,N/A,23,0.18498322605371428,0.0032289246552070043,0.017455229450206524
HRP,GARCH,24,0.0976954033733307,0.0009318299836314521,0.00953811491079658
HRP,Historical,24,0.09351033077355969,0.0008997620828508628,0.00962206074353095
MVP,GARCH,24,0.18739242393256558,0.001187998288293544,0.006339628162988345
MVP,Historical,24,0.13336678860459145,0.0009719592655579928,0.007287865860215599
ERC,GARCH,24,0.08335125246881862,0.0009007413263000523,0.010806572182427806
ERC,Historical,24,0.080892714227111,0.000873024650902141,0.0107923767825502
Naive,N/A,24,0.06965757318159198,0.0008650815624898193,0.012419059737189203
HRP,GARCH,25,0.10486155785935786,0.001497165517365211,0.014277544106041562
HRP,Historical,25,0.09398085454269017,0.0013569346483517015,0.014438415727911083
MVP,GARCH,25,0.15053302086109793,0.0010597409483639648,0.007039923481917132
MVP,Historical,25,0.1595815421313808,0.0013101424904602618,0.008209862324689428
ERC,GARCH,25,0.06674879034779044,0.0011009738899171683,0.016494289771853722
ERC,Historical,25,0.06321867189716357,0.0010493793055842517,0.01659919884573428
Naive,N/A,25,0.0317502639948224,0.0006021298093680962,0.018964560718811255
HRP,GARCH,26,0.2510749768588411,0.0017006758826253754,0.006773577773071054
HRP,Historical,26,0.267678476596919,0.001808783575436881,0.006757299273488545
MVP,GARCH,26,-0.14048078808021275,-0.000886029328188189,0.006307120997088068
MVP,Historical,26,-0.31625232915832285,-0.0029337130963358934,0.009276494829757323
ERC,GARCH,26,0.2486149112589766,0.001911801268211649,0.0076898093462309195
ERC,Historical,26,0.2555730427615038,0.001957538553760856,0.007659409351664668
Naive,N/A,26,0.23821149569253194,0.0021380845627916915,0.008975572554027339
HRP,GARCH,27,0.019589584489016508,0.0001625653209897151,0.008298558914348707
HRP,Historical,27,0.012197067114945472,0.00010187114000001228,0.008352101291234692
MVP,GARCH,27,0.12962582604669107,0.0012869314342345733,0.009928048086428566
MVP,Historical,27,-0.017545072756639978,-0.00014346677136448707,0.008177040548902352
ERC,GARCH,27,0.030608506784509153,0.00027160255972717717,0.008873433834565042
ERC,Historical,27,0.028375862342199402,0.0002539351402073376,0.008948984074739319
Naive,N/A,27,0.0559813195822981,0.0005490663584444373,0.00980802815191334
HRP,GARCH,28,0.4502402515927185,0.004130227879541583,0.009173386575125082
HRP,Historical,28,0.44357720124213956,0.004078312508595057,0.009194143651149445
MVP,GARCH,28,0.51838381296322,0.003936733931405569,0.007594245485602935
MVP,Historical,28,0.33671350641033654,0.003485276837167234,0.01035086734216089
ERC,GARCH,28,0.4325643840080363,0.004327623400048136,0.010004576336011373
ERC,Historical,28,0.4308563147253761,0.004321743091956054,0.01003059011612884
Naive,N/A,28,0.41573962924427454,0.004676044366548892,0.011247530996861996
HRP,GARCH,29,0.5460503739888,0.0033163703779826303,0.006073378091030576
HRP,Historical,29,0.5431788276091238,0.003391843392296672,0.006244432256732716
MVP,GARCH,29,0.4441662136918386,0.002863586904218631,0.006447106546931956
MVP,Historical,29,0.40115723848745544,0.0042321825304749705,0.010549934351009635
ERC,GARCH,29,0.5800855283780237,0.0033526768530308276,0.005779625053576569
ERC,Historical,29,0.5814230430125612,0.0034131524579753456,0.005870342599926173
Naive,N/A,29,0.5821908033820292,0.0035068307463827393,0.0060235076301636175
HRP,GARCH,30,0.1969102426422205,0.0014830330825204281,0.007531518231964453
HRP,Historical,30,0.19914666975447845,0.0014777367754173429,0.007420343896481911
MVP,GARCH,30,-0.004406618860789374,-4.442160776908197e-05,0.010080655752724791
MVP,Historical,30,0.01566725139769154,0.0001308509646395363,0.008351877513040755
ERC,GARCH,30,0.2170437511468784,0.001658132358814151,0.007639622656964012
ERC,Historical,30,0.21971629324196607,0.0016600089789968642,0.007555238414516455
Naive,N/A,30,0.2691814454238194,0.0021557579650273023,0.008008568204369048
HRP,GARCH,31,0.020082363647241207,0.00021506972448636006,0.010709383032007042
HRP,Historical,31,0.014502366705075043,0.00015664153929065289,0.010801101811598574
MVP,GARCH,31,-0.059112740158821835,-0.0006143761721607319,0.01039329543022451
MVP,Historical,31,-0.29347947880811714,-0.005173260778045437,0.017627333941899973
ERC,GARCH,31,0.05610676814275507,0.0006059272148030463,0.010799538716280312
ERC,Historical,31,0.05225032421733829,0.0005641315634097945,0.010796709338362307
Naive,N/A,31,0.10178841130149967,0.0011140945019346821,0.010945199828639706
HRP,GARCH,32,0.2322236865992772,0.002467373392434891,0.01062498588566706
HRP,Historical,32,0.22220959751033462,0.0023690451016962007,0.010661308639407532
MVP,GARCH,32,0.17818024494191037,0.001455700027912382,0.008169817189256664
MVP,Historical,32,-0.012964771299550265,-0.00010875130403665532,0.008388216153140149
ERC,GARCH,32,0.21290394421208886,0.0022934124080069944,0.010772052234609435
ERC,Historical,32,0.20622338883907926,0.0022233430503643507,0.010781236128843151
Naive,N/A,32,0.21353510911419546,0.0024069057105827176,0.011271709465329842
HRP,GARCH,33,0.22513951982757258,0.0032804473842572316,0.014570731015015157
HRP,Historical,33,0.2278879874133919,0.003140106424729129,0.013779166073518976
MVP,GARCH,33,0.28444609748121247,0.0031905969145151905,0.01121687709118923
MVP,Historical,33,0.11924281706936016,0.0011728223973786775,0.009835581095811247
ERC,GARCH,33,0.25386574101406056,0.003633680943583137,0.01431339624270879
ERC,Historical,33,0.25701074612882124,0.0036008896880375713,0.014010658084439399
Naive,N/A,33,0.2800012833247373,0.004100692116513274,0.014645261863880144
HRP,GARCH,34,0.11920765003935507,0.0012912061439267705,0.010831571157559882
HRP,Historical,34,0.12106083632687026,0.0012777106886683479,0.010554285989058143
MVP,GARCH,34,0.3234634208359819,0.002527690472135462,0.007814455389121648
MVP,Historical,34,0.30002063012501107,0.0031251907064801998,0.01041658603669358
ERC,GARCH,34,0.1101760037121754,0.0012155505888333505,0.011032807034904477
ERC,Historical,34,0.10922931519500148,0.0011859880874531058,0.010857781954741932
Naive,N/A,34,0.08189577586012066,0.0009754456605644919,0.011910817747554762
HRP,GARCH,35,0.010523639583776778,9.323582138548258e-05,0.008859655506372029
HRP,Historical,35,0.009180753914082605,8.029520492492745e-05,0.008746036074636582
MVP,GARCH,35,0.10706818471791077,0.00045606117605117446,0.004259539631242882
MVP,Historical,35,0.235384862588469,0.0011194369315979107,0.004755772819406228
ERC,GARCH,35,0.030986696821611304,0.00028344920885010975,0.009147448354431294
ERC,Historical,35,0.030856675690121845,0.00028170546025055147,0.009129481836591163
Naive,N/A,35,0.034648156777606666,0.0003281995892063789,0.00947235350246673
HRP,GARCH,36,0.141551115649759,0.002919711668157844,0.020626553558094934
HRP,Historical,36,0.1548171183912065,0.003118640881444773,0.020144031318063273
MVP,GARCH,36,0.10672924817255737,0.0010352696874850634,0.009699962336577723
MVP,Historical,36,-0.11367774514205632,-0.0007551815661611827,0.00664317862056005
ERC,GARCH,36,0.13403539355171662,0.002863169141768405,0.021361291714816138
ERC,Historical,36,0.13968541653404418,0.0029550354944675047,0.021154932045087917
Naive,N/A,36,0.12409478524707916,0.0028811046794045107,0.023216968172095884
HRP,GARCH,37,0.20256977637762605,0.002144665540108717,0.010587292825513513
HRP,Historical,37,0.2167935960413676,0.002259327384053735,0.010421559609272869
MVP,GARCH,37,0.06932923001258258,0.0006204439754325778,0.00894924082266561
MVP,Historical,37,0.07903355528449683,0.0005450605003644359,0.0068965706832039035
ERC,GARCH,37,0.36321156774355096,0.0044041465900704815,0.01212556807436285
ERC,Historical,37,0.23539308870465472,0.005254811541276219,0.022323559158822105
Naive,N/A,37,0.17891677144254417,0.0020551343573308794,0.011486538353900757
HRP,GARCH,38,0.11126662155230191,0.0009792004597034575,0.00880048702874631
HRP,Historical,38,0.09501172484846417,0.0008243817105656392,0.00867663135134595
MVP,GARCH,38,0.12068134990601542,0.0008358157302350187,0.0069258069360836425
MVP,Historical,38,0.040771411199556386,0.00026968638221223825,0.006614595234201081
ERC,GARCH,38,0.10491121758135838,0.0009348500776659964,0.0089108686298586
ERC,Historical,38,0.09612128382272701,0.0008497511406678191,0.008840405650792017
Naive,N/A,38,0.11901056163044044,0.0011012409017380652,0.00925330396438017
HRP,GARCH,39,0.003991013736159863,2.3133583569522123e-05,0.00579641792758678
HRP,Historical,39,-0.017070621163215845,-9.895584832844368e-05,0.0057968510566959305
MVP,GARCH,39,-0.012440440096918163,-8.514711695443514e-05,0.006844381411838348
MVP,Historical,39,-0.179108955953881,-0.0010853088650986356,0.006059489651528611
ERC,GARCH,39,0.019775236780045235,0.00011441610073631714,0.00578582709319425
ERC,Historical,39,0.008791900264183694,5.095307011482575e-05,0.0057954558836839365
Naive,N/A,39,0.054295726464408174,0.00032205511050484363,0.00593150016541277
HRP,GARCH,40,-0.09643076949057901,-0.0018422194698684657,0.01910406273433756
HRP,Historical,40,-0.09991907398456251,-0.0019166345870631272,0.01918186899289366
MVP,GARCH,40,-0.18748510454701886,-0.0036613435727631976,0.019528717129871934
MVP,Historical,40,-0.17638252780065386,-0.003628919865599682,0.0205741459250491
ERC,GARCH,40,-0.11421040380136102,-0.002198301608454818,0.019247822748951888
ERC,Historical,40,-0.11695927307025625,-0.002257070169001662,0.01929791550299618
Naive,N/A,40,-0.1261463610502735,-0.0024862520861976506,0.019709265217779822
HRP,GARCH,41,0.18849224130451384,0.0023129177722132762,0.012270625868768257
HRP,Historical,41,0.19092094480577357,0.0023145657824022946,0.012123163253549438
MVP,GARCH,41,-0.10699969601628379,-0.00109893920203167,0.010270489010215763
MVP,Historical,41,-0.14929040362367654,-0.0020028380708706547,0.013415718775329353
ERC,GARCH,41,0.17968963102434732,0.002198074040755469,0.012232614804900108
ERC,Historical,41,0.1807798575569154,0.002211349101020858,0.01223227593441738
Naive,N/A,41,0.17091866899195543,0.0022541858499278444,0.013188646174362271
HRP,GARCH,42,-0.185770868714284,-0.002410552123559691,0.012975942569699264
HRP,Historical,42,-0.19697421010866747,-0.002589031077569185,0.013144010457718595
MVP,GARCH,42,0.1753148031259069,0.003610446893350773,0.020594078931017803
MVP,Historical,42,0.2967962102540994,0.007211196146614479,0.024296793211883258
ERC,GARCH,42,-0.20096675606390496,-0.00274699363712172,0.013668895746360208
ERC,Historical,42,-0.20689697994630393,-0.0028449338606382005,0.013750485199815615
Naive,N/A,42,-0.24838437274571704,-0.00353553453903736,0.014234126325881441
HRP,GARCH,43,0.21411170744212824,0.004115570511078057,0.019221604274910774
HRP,Historical,43,0.21440417157112515,0.004093265920191986,0.019091353914418175
MVP,GARCH,43,0.14175630058966132,0.0028500568399069505,0.02010532743907408
MVP,Historical,43,0.11173014719779477,0.002268273826425072,0.020301358973505775
ERC,GARCH,43,0.21055462768979813,0.004307809060422464,0.020459341633511804
ERC,Historical,43,0.21123055454860892,0.004320638165209291,0.02045460787830775
Naive,N/A,43,0.2024410531459344,0.004489981991517501,0.0221792068443785
HRP,GARCH,44,0.2999767876129709,0.0021048241137168722,0.007016623287640873
HRP,Historical,44,0.29557446772910817,0.002112652293578952,0.007147614304477686
MVP,GARCH,44,0.3717141427675897,0.0053329444268322606,0.014346896750083108
MVP,Historical,44,0.28323192831398586,0.004549344196627605,0.016062257612370182
ERC,GARCH,44,0.24692169312141823,0.0019201849136413042,0.007776493386901799
ERC,Historical,44,0.24954657323769885,0.001963953551904532,0.007870088242140761
Naive,N/A,44,0.17483703111724877,0.0016396425046021693,0.009378119121129415
HRP,GARCH,45,0.04079046739662078,0.00031353741207507194,0.007686536391614047
HRP,Historical,45,0.0455871315641988,0.00035887335074684244,0.00787225119091894
MVP,GARCH,45,0.164892639059951,0.0014045948892713106,0.00851823888124341
MVP,Historical,45,0.39412436538921747,0.002701262909199422,0.006853833831186231
ERC,GARCH,45,0.09072436264003493,0.0007361840991652513,0.008114513871937495
ERC,Historical,45,0.09546843952488365,0.0007829806721035057,0.00820146088068637
Naive,N/A,45,0.17185430365202398,0.0015026213406724026,0.008743577022749211
HRP,GARCH,46,0.1626165503738383,0.0013501478649062322,0.00830264731235772
HRP,Historical,46,0.17161556215550094,0.0014178764854669988,0.008261934218892458
MVP,GARCH,46,0.21051221223596375,0.0021496170950633113,0.010211365280099756
MVP,Historical,46,0.19367281175509152,0.0029477892095574397,0.0152204596135314
ERC,GARCH,46,0.199888332144794,0.0017163226728914352,0.008586407493000516
ERC,Historical,46,0.20835698165733552,0.001792753807907439,0.008604241593669307
Naive,N/A,46,0.25790899593112954,0.002355650857659793,0.009133651384106167
HRP,GARCH,47,0.566694701162921,0.002600016179080177,0.0045880368631375104
HRP,Historical,47,0.5716294790253568,0.0026012599596505737,0.004550604989941719
MVP,GARCH,47,0.202221111517382,0.0014612897617738163,0.007226197852483916
MVP,Historical,47,0.3094662798371718,0.0030601739873464934,0.009888553896588116
ERC,GARCH,47,0.604175507979428,0.002757324682769735,0.004563780964890787
ERC,Historical,47,0.604642560622934,0.0027599558346380077,0.0045646072810265935
Naive,N/A,47,0.5929334587933988,0.0029881600947697373,0.0050396213107125895
HRP,GARCH,48,0.22358389982102486,0.0018566636343702782,0.00830410255772668
HRP,Historical,48,0.21789782380609893,0.001810241987639206,0.008307756158455666
MVP,GARCH,48,0.31778692004088716,0.004131641388932272,0.013001294667510814
MVP,Historical,48,0.27176406543107173,0.0031367493434283104,0.011542178464444162
ERC,GARCH,48,0.20549535351222267,0.0016158736468701647,0.007863309896075359
ERC,Historical,48,0.19891853993046604,0.001559822584968231,0.007841514348101904
Naive,N/A,48,0.19538009191257796,0.0016715508534558183,0.008555379604405893
HRP,GARCH,49,0.18029665781601642,0.0014875365276866583,0.008250494189440903
HRP,Historical,49,0.1769311587199637,0.0014679374640923961,0.008296658851456242
MVP,GARCH,49,0.131136885866209,0.001543528761870651,0.011770363095593254
MVP,Historical,49,0.05188034542166389,0.0006107241055510596,0.011771781791106523
ERC,GARCH,49,0.20815701327264105,0.0016065775132737218,0.007718104175377698
ERC,Historical,49,0.2074682341377092,0.0016082718626106596,0.007751894497463898
Naive,N/A,49,0.24192897436791522,0.0017839454478608308,0.007373839584620745
HRP,GARCH,50,0.22921441721720667,0.0012143353123023075,0.005297813841925951
HRP,Historical,50,0.2060298420119432,0.0010726983611593834,0.005206519359934281
MVP,GARCH,50,-0.06767203417744927,-0.00044854650059027564,0.006628240247871066
MVP,Historical,50,-0.22613264573876682,-0.0018077696960478212,0.007994288883597085
ERC,GARCH,50,0.21989042828984892,0.0012759308683190705,0.005802575756672774
ERC,Historical,50,0.21657363926846956,0.0012710573966373752,0.005868938624897667
Naive,N/A,50,0.23490153610306155,0.00166041644082221,0.007068563570796374
HRP,GARCH,51,0.4472689278264081,0.002977541592377441,0.006657161736781927
HRP,Historical,51,0.42557057259411535,0.0031216334743839613,0.007335172296701998
MVP,GARCH,51,0.3351634958769943,0.003966414309227733,0.011834267030928141
MVP,Historical,51,0.32449334762072957,0.005660596009370214,0.01744441311624781
ERC,GARCH,51,0.4404802783419224,0.003136980634977272,0.007121727780380201
ERC,Historical,51,0.43956258817169885,0.003221136335611901,0.007328049343347854
Naive,N/A,51,0.46338912621540385,0.0034399820283059525,0.007423527730141204
HRP,GARCH,52,0.02333945705388554,0.0003071170319604714,0.013158705074047245
HRP,Historical,52,0.020252225558401213,0.00026402050566926537,0.013036616884791803
MVP,GARCH,52,-0.04562789719174725,-0.0005657874501327223,0.012400033421550197
MVP,Historical,52,0.05845732229483101,0.0008866576887608567,0.015167606964427413
ERC,GARCH,52,0.00827148377297307,0.00010874189813962777,0.013146601156970172
ERC,Historical,52,0.00924433617003404,0.00012148602026136242,0.013141670534999062
Naive,N/A,52,0.04219944172845132,0.0005911883067716776,0.014009386915019116
HRP,GARCH,53,0.02484656880181351,0.00033095203347097987,0.013319828428254616
HRP,Historical,53,0.01637432402782219,0.00022196815610124558,0.013555866839088543
MVP,GARCH,53,0.017854899682525047,0.00017152480406037337,0.009606595786603505
MVP,Historical,53,0.036995927513125804,0.00043079418055109255,0.011644367623929711
ERC,GARCH,53,0.03645885859845708,0.0004914263553912077,0.013478928696138736
ERC,Historical,53,0.03165948433486586,0.0004308122825624024,0.013607684762191746
Naive,N/A,53,0.037244758913540225,0.0005852043851606344,0.015712395575418397
HRP,GARCH,54,0.4313315284760341,0.002259248033283481,0.0052378457964011565
HRP,Historical,54,0.45973140547528774,0.002388136323801358,0.0051946338565502445
MVP,GARCH,54,0.15235993198454853,0.0014594144797333115,0.009578728873949071
MVP,Historical,54,0.2911883075656628,0.0026509991495331795,0.009104071422700862
ERC,GARCH,54,0.5553359415377798,0.002315950810800308,0.004170360024577579
ERC,Historical,54,0.5692187552426186,0.0023682600141657407,0.004160544592660717
Naive,N/A,54,0.32808401383845864,0.0021324962630510564,0.006499848127623343
HRP,GARCH,55,-0.159454710392539,-0.0015250833710413975,0.009564367006073451
HRP,Historical,55,-0.14117775343216107,-0.001349481103952136,0.00955873762788406
MVP,GARCH,55,-0.08174575540577207,-0.0009142100389818076,0.011183578088474734
MVP,Historical,55,-0.07527740574554631,-0.0006001757300987577,0.007972853529616571
ERC,GARCH,55,-0.4802847686503162,-0.004822503377605357,0.010040925076923491
ERC,Historical,55,-0.4455532901126392,-0.0043565359272162325,0.00977781114828008
Naive,N/A,55,-0.223614813595103,-0.0022563180412880357,0.010090199325405728
HRP,GARCH,56,-0.06400833951305153,-0.0012204196718912498,0.019066572905588372
HRP,Historical,56,-0.06855883238862719,-0.0013029499173022483,0.019004844042798882
MVP,GARCH,56,-0.15650869277744164,-0.002770510107765854,0.017701956732240887
MVP,Historical,56,-0.1808711818528074,-0.0027596660790236882,0.015257632812227096
ERC,GARCH,56,-0.13701054290004538,-0.0029550552413540165,0.02156808650491843
ERC,Historical,56,-0.12632111021455328,-0.0027349005512750926,0.021650384061934952
Naive,N/A,56,-0.07209304343578397,-0.0014538207819187415,0.020165895523799257
HRP,GARCH,57,0.4273696370277924,0.005316159204961728,0.012439253387146947
HRP,Historical,57,0.42944769673360783,0.0053382155592986355,0.01243042074716261
MVP,GARCH,57,0.41886528722217514,0.004840992344415214,0.011557396834002736
MVP,Historical,57,0.37305191684557126,0.0045069827831197475,0.012081382187309494
ERC,GARCH,57,0.3287873812182083,0.005138807343979792,0.015629575943394522
ERC,Historical,57,0.3275786485211294,0.005006616115961197,0.01528370709923807
Naive,N/A,57,0.42240305794654043,0.005851916751001048,0.013853869286480568
HRP,GARCH,58,0.09537077208866834,0.000844881874557651,0.008858918262422636
HRP,Historical,58,0.09151133345603053,0.0008335504884266029,0.009108713171872949
MVP,GARCH,58,0.27975879465300324,0.0021963519034255475,0.007850877060539871
MVP,Historical,58,0.2423657799010146,0.002014971400252071,0.008313761955483204
ERC,GARCH,58,-0.13939515748443404,-0.0026540540759846225,0.01903978677509651
ERC,Historical,58,0.011213794314021922,0.00014223259725721228,0.012683717328341058
Naive,N/A,58,0.010600899127857208,0.00012701386186703468,0.011981423493905878
HRP,GARCH,59,0.17969750686322586,0.0019414228086360365,0.010803838308751397
HRP,Historical,59,0.1766435440108136,0.0019317005202757608,0.010935585170084153
MVP,GARCH,59,0.5171643217248391,0.005658704739026966,0.010941792581812555
MVP,Historical,59,0.5579694308138771,0.004996900807344313,0.008955509982071293
ERC,GARCH,59,0.04522211501904959,0.0008885340736205399,0.019648220195942832
ERC,Historical,59,0.13025462055261483,0.002585754454414125,0.019851537269417935
Naive,N/A,59,0.1325585113801121,0.001726679043568889,0.013025787824499849
HRP,GARCH,60,0.08543326451305333,0.0007238166547508621,0.008472304773514423
HRP,Historical,60,0.1009721605401474,0.0008856439338837655,0.008771169490145017
MVP,GARCH,60,-0.1562193767295635,-0.0008128312633382685,0.005203139843179552
MVP,Historical,60,-0.1673308085095402,-0.0010201924495684682,0.006096859619908565
ERC,GARCH,60,0.2430691110103848,0.004838946911202949,0.019907699876337687
ERC,Historical,60,0.246025478777854,0.00513251559927662,0.020861723853857303
Naive,N/A,60,0.16092048249520788,0.001865172751574164,0.011590648515671135
HRP,GARCH,61,0.5133093271611475,0.002856899369269455,0.0055656486607588256
HRP,Historical,61,0.49742861227005036,0.0028665560512301696,0.005762748624668855
MVP,GARCH,61,0.3697462824908474,0.0025918780880323316,0.00700988275141479
MVP,Historical,61,0.351709064656734,0.003183626145044833,0.009051874020227581
ERC,GARCH,61,0.5194357070474879,0.0031707739744095153,0.006104266478776432
ERC,Historical,61,0.5195423281827224,0.003222248503967318,0.006202090434552731
Naive,N/A,61,0.3904407892859385,0.00296553652493077,0.007595355317138664
HRP,GARCH,62,-0.18813541635707745,-0.00808691582182943,0.04298454793052158
HRP,Historical,62,-0.188731986772461,-0.008258083436219813,0.04375561121059951
MVP,GARCH,62,-0.2463234019367644,-0.011403236962147286,0.04629376207249159
MVP,Historical,62,-0.1921080201574096,-0.010268096501011514,0.05344959826559055
ERC,GARCH,62,-0.22185757273575432,-0.013049501275547746,0.058819273620605614
ERC,Historical,62,-0.22100962457192216,-0.013072859255328565,0.05915063328418226
Naive,N/A,62,-0.18126884118735279,-0.008665356789530912,0.04780389576482545
HRP,GARCH,63,0.1967442112778092,0.004585162660041446,0.02330519729277853
HRP,Historical,63,0.17962408420145723,0.004621039300857281,0.02572616763169998
MVP,GARCH,63,0.07579858681100445,0.001552540732974981,0.02048244958505721
MVP,Historical,63,-0.14181899957070868,-0.002341953286529661,0.016513677953016448
ERC,GARCH,63,0.1933712609017992,0.004927980616311124,0.0254845554263295
ERC,Historical,63,0.17966855334535511,0.0048977255524317856,0.027259781755004618
Naive,N/A,63,0.18207903513281343,0.005690336942143361,0.031252016125814124
HRP,GARCH,64,0.2378592096602928,0.0037005999335929496,0.015557942611842084
HRP,Historical,64,0.25428269436909656,0.003924651260563606,0.015434205109007119
MVP,GARCH,64,-0.05847895330950514,-0.0007487256012392174,0.01280333451381251
MVP,Historical,64,-0.2402559438232167,-0.005203665233959205,0.021658840781013627
ERC,GARCH,64,0.24425571150795264,0.003851737540158051,0.01576928341359438
ERC,Historical,64,0.2538183391576167,0.003960660059464745,0.015604310045560756
Naive,N/A,64,0.27936572546516025,0.004467975266412905,0.0159932835675295
HRP,GARCH,65,0.27290220575863283,0.00420246778377088,0.015399171186940624
HRP,Historical,65,0.272072052317223,0.0040803875449333124,0.014997451999133582
MVP,GARCH,65,0.16223325842511235,0.0034428468932638087,0.02122158506021158
MVP,Historical,65,0.03529123713290147,0.0005166783742630101,0.014640415475299928
ERC,GARCH,65,0.2936639393685075,0.004788826005496722,0.01630716395003954
ERC,Historical,65,0.2952587294642514,0.004693059690207345,0.015894736452747485
Naive,N/A,65,0.33510432120688816,0.006342608386730771,0.018927265288277033
HRP,GARCH,66,0.18137949234144177,0.001222965945234471,0.0067425811454597745
HRP,Historical,66,0.23456858506597392,0.0016792353160332602,0.0071588244246814405
MVP,GARCH,66,-0.13402485883038567,-0.0007076553688785065,0.005280030697693742
MVP,Historical,66,-0.09562586387084764,-0.0013617832657384105,0.014240742102760358
ERC,GARCH,66,0.3224108934754031,0.002264535370438651,0.007023755760943027
ERC,Historical,66,0.3426881719282467,0.0025261293055917184,0.007371510056438857
Naive,N/A,66,0.402523673903568,0.003827470494281509,0.00950868419033274
HRP,GARCH,67,0.5437237364556476,0.005435452713019376,0.009996717723694143
HRP,Historical,67,0.525670459981016,0.0051784601784539905,0.00985115309435688
MVP,GARCH,67,0.6043994743608613,0.007271754175239135,0.012031370779944588
MVP,Historical,67,0.4878666693210491,0.007978539722507153,0.01635393484373645
ERC,GARCH,67,0.5296109514590434,0.005182455082280689,0.009785400147038813
ERC,Historical,67,0.5241598990842855,0.005056432993269987,0.009646737573980085
Naive,N/A,67,0.5106248817125235,0.004872632762292982,0.009542489872313398
HRP,GARCH,68,0.08155444021753758,0.0007278530594734536,0.008924750847801602
HRP,Historical,68,0.11517931027693636,0.0010065321430746772,0.008738827664921574
MVP,GARCH,68,0.0005970520880709516,5.091939160561876e-06,0.00852846721801728
MVP,Historical,68,-0.21872385190815413,-0.001770992946921993,0.008096935617546014
ERC,GARCH,68,0.09060553264292849,0.0009054498218197133,0.00999331713426422
ERC,Historical,68,0.11073471073848606,0.0010895692340625385,0.009839455278261333
Naive,N/A,68,0.07824900129543881,0.0009404737867782496,0.012018987734135726
HRP,GARCH,69,-0.10651772290904513,-0.0008142567142393608,0.007644330839992232
HRP,Historical,69,-0.10405868695381369,-0.0008245565771970364,0.007923957156628497
MVP,GARCH,69,-0.33531184352412985,-0.003741044800418183,0.011156912207751972
MVP,Historical,69,-0.39992344760184834,-0.00396351031609753,0.009910672504612635
ERC,GARCH,69,0.1323147130421359,0.0007220578645930396,0.005457124517687604
ERC,Historical,69,0.21540783540141523,0.0023413813200144663,0.010869527172264986
Naive,N/A,69,0.032943262852716176,0.0001960396203966783,0.005950825856963188
HRP,GARCH,70,0.23470827630565938,0.003869669126061965,0.016487143900381744
HRP,Historical,70,0.22320223205283515,0.003708231083142998,0.016613772402890695
MVP,GARCH,70,0.46505961143463115,0.0073812404062275,0.015871600596443127
MVP,Historical,70,0.422581764344602,0.005742491134640666,0.013589065168363128
ERC,GARCH,70,0.15102137277581307,0.0030031842923669274,0.019885823027347718
ERC,Historical,70,0.061734549560007505,0.0016850265186763168,0.02729470824175091
Naive,N/A,70,0.17255137008790616,0.0033622817112026696,0.019485685390326125
HRP,GARCH,71,-0.22200569905180836,-0.002970071518340752,0.013378357091849436
HRP,Historical,71,-0.23079394716400198,-0.0030893217053091235,0.013385627063754207
MVP,GARCH,71,-0.0938510083675312,-0.0010347108580296054,0.011025037194886178
MVP,Historical,71,-0.11671048529788257,-0.0012517090578161273,0.010724906632179315
ERC,GARCH,71,0.005632068100702778,0.00010729402933988354,0.01905055610504696
ERC,Historical,71,0.013619701641236883,0.0002552517143233285,0.01874135873509103
Naive,N/A,71,-0.20077367617937475,-0.0032045324710960345,0.015960919439623394
HRP,GARCH,72,0.028122307529844216,0.0006295198548247016,0.022385071145269168
HRP,Historical,72,0.020229572771190397,0.00045314546665045733,0.022400150105779632
MVP,GARCH,72,0.15010389139337804,0.003506859531220619,0.023362882192242265
MVP,Historical,72,0.04327165568440611,0.0012664067612513706,0.029266427207862725
ERC,GARCH,72,0.026772841173956476,0.000642048591905158,0.023981339437732764
ERC,Historical,72,0.043531619363202774,0.0011474761432325275,0.0263596015957653
Naive,N/A,72,0.016272959127682892,0.0004101610603680563,0.02520506916718712
HRP,GARCH,73,0.01723819266019662,0.00029505939645014606,0.017116608583418663
HRP,Historical,73,0.029342822159189968,0.0005004699535039905,0.017055958380173968
MVP,GARCH,73,-0.05344952369058919,-0.0007780092485575864,0.014555962239464629
MVP,Historical,73,0.19562532125862034,0.002069784816614948,0.010580352294367115
ERC,GARCH,73,0.01929988015450508,0.000367636924680893,0.019048663605047166
ERC,Historical,73,0.025406599049788668,0.0004831093579446771,0.019015113238806183
Naive,N/A,73,0.011729340512961275,0.0002679820839477049,0.02284715697797132
HRP,GARCH,74,-0.07024980565577238,-0.002373576558164186,0.03378766013666759
HRP,Historical,74,-0.07956815242054155,-0.002681812599946637,0.0337045981132307
MVP,GARCH,74,-0.12355230876940422,-0.0034055377803896484,0.02756353008947556
MVP,Historical,74,-0.2957709555771877,-0.00478418230902949,0.016175294493312602
ERC,GARCH,74,-0.06147322527052283,-0.002163227300499588,0.035189747910248044
ERC,Historical,74,0.01657903574475417,0.0007064751323764293,0.04261255861035027
Naive,N/A,74,-0.06464082442288692,-0.0024487363537304104,0.03788219558758294
HRP,GARCH,75,0.18750480577977055,0.003062711354885976,0.016334041904415043
HRP,Historical,75,0.19365638653192377,0.003180648456101292,0.016424185708830058
MVP,GARCH,75,-0.03100503581103069,-0.0003734224409819755,0.01204392871073939
MVP,Historical,75,-0.12057985630932247,-0.001965009733086233,0.016296335003463683
ERC,GARCH,75,0.2006591694502706,0.0034043138795839833,0.01696565319646494
ERC,Historical,75,0.20384779833420927,0.003469383994024316,0.017019482292059133
Naive,N/A,75,0.2108273868307681,0.003933096953291994,0.01865553148675653
HRP,GARCH,76,-0.0403444021606207,-0.0005961226077263283,0.01477584437496488
HRP,Historical,76,-0.04175052565178651,-0.0006272615647989047,0.015024039937376553
MVP,GARCH,76,0.11085949901055732,0.0017349581297578173,0.015650062874563365
MVP,Historical,76,0.07569856195584505,0.001026846156772458,0.01356493611293986
ERC,GARCH,76,-0.0397546104843244,-0.0006084495933887464,0.015305132812926527
ERC,Historical,76,-0.03960736516246833,-0.0006103167191057156,0.015409172425436862
Naive,N/A,76,-0.03669615148106109,-0.0006072265700970832,0.016547418341960825
HRP,GARCH,77,0.14441499771964092,0.0015576286467563073,0.010785781749484214
HRP,Historical,77,0.14590742050454342,0.0015791059761850398,0.0108226570706585
MVP,GARCH,77,0.0709710236088891,0.0006994173537939721,0.009854970637712068
MVP,Historical,77,0.009711931532091987,0.0001738201219302871,0.017897585187448863
ERC,GARCH,77,0.16526754831423984,0.001712435546047129,0.010361595869935111
ERC,Historical,77,0.1677546659695584,0.0017348079424393372,0.010341339434064649
Naive,N/A,77,0.23516618365041322,0.002519281793203201,0.010712772364194354
HRP,GARCH,78,-0.12399876315831009,-0.0007923711024040279,0.006390153274290343
HRP,Historical,78,-0.12454448106632827,-0.000792105755223905,0.006360022928692084
MVP,GARCH,78,-0.2174204743299109,-0.0017974198141301693,0.008267021860152823
MVP,Historical,78,-0.03032243250403031,-0.0004424045317649079,0.014590007965426442
ERC,GARCH,78,-0.11173101234960782,-0.0007345024677930551,0.00657384599268453
ERC,Historical,78,-0.11493202060106888,-0.0007529044117685799,0.006550867267721018
Naive,N/A,78,-0.0981552395403825,-0.0006655364748755421,0.006780447768167594
HRP,GARCH,79,0.05847513074079148,0.001052239367577301,0.017994647540706954
HRP,Historical,79,0.055629740735507895,0.0009981088336503074,0.017942000456119774
MVP,GARCH,79,0.10593086482902131,0.0014779949141600403,0.013952448293003286
MVP,Historical,79,0.06339127133902073,0.0004592035787217863,0.007243955974095158
ERC,GARCH,79,0.04380269323604166,0.0008494277555792158,0.019392135342040817
ERC,Historical,79,0.04451611824276052,0.0008610761216775989,0.01934301901576138
Naive,N/A,79,0.04358260119264971,0.0009437669004939387,0.02165467123731722
HRP,GARCH,80,0.321734771625195,0.002731676135934716,0.00849045977261352
HRP,Historical,80,0.31000310383255275,0.002699863618342848,0.00870915027935066
MVP,GARCH,80,0.10091090565238715,0.0008262808122830038,0.00818822115351273
MVP,Historical,80,0.1538645908284935,0.0019691800040890174,0.01279813629299532
ERC,GARCH,80,0.3082164831352734,0.0028734087491303294,0.009322696566715468
ERC,Historical,80,0.3063118850327283,0.0028891918157130194,0.009432189728466852
Naive,N/A,80,0.31833851254264844,0.0033508145425443095,0.010525947727092538
HRP,GARCH,81,0.12131567100537573,0.000980426396633899,0.008081613764395323
HRP,Historical,81,0.1140789646153811,0.0009032258785021106,0.007917549756410833
MVP,GARCH,81,0.3520552500158034,0.00400796753833636,0.011384484503942057
MVP,Historical,81,0.3250415837476611,0.004419332239915093,0.013596205719160979
ERC,GARCH,81,0.13518842295506434,0.0011878619350496188,0.008786713455814598
ERC,Historical,81,0.12916967304886873,0.0011146683680007537,0.008629489737726917
Naive,N/A,81,0.09774246143643874,0.000944607993791305,0.009664254203436213
