Date,Historical,GARCH,DCC
2006-12-25,-145.84906040519078,-156.88332504264596,-157.57240362786632
2007-01-08,-142.8210431904941,-149.78275095118516,-150.05030196530075
2007-01-22,-142.55967307719084,-147.53341683835794,-148.12599645277615
2007-02-05,-145.14302438427777,-154.55538140721129,-154.38611940693247
2007-02-19,-142.59784261931568,-145.53761248346663,-145.8325516564204
2007-03-05,-143.2395174354828,-147.85746057267016,-149.27325580093432
2007-03-19,-145.88046294068138,-150.72441174644229,-152.53255711827939
2007-04-02,-144.4201580976844,-150.16887371987085,-150.67409165728796
2007-04-16,-142.42833774981224,-147.5549848412689,-147.60413085318882
2007-04-30,-143.4930400842419,-150.95586341534428,-151.75945576387335
2007-05-14,-143.70768524043703,-150.70648322627952,-151.46227331638238
2007-05-28,-142.12793354780564,-152.60750156594392,-153.15947432571042
2007-06-11,-144.71459544661374,-150.95878770857684,-151.8603577970051
2007-06-25,-145.19985765278923,-151.64271120799904,-152.8417789816909
2007-07-09,-143.38969180069714,-149.14467761206882,-149.753043209674
2007-07-23,-135.81306538260517,-139.45395739924507,-139.6301856520611
2007-08-06,-126.40002963615063,-132.525661611884,-133.03211550454404
2007-08-20,-141.0359388087718,-140.00736192813963,-143.3614761079887
2007-09-03,-143.83923924824805,-143.44605085357912,-146.70475250756283
2007-09-17,-143.48965681067517,-146.826797968388,-149.34112239378254
2007-10-01,-143.22503893890735,-146.68791402541007,-148.54167108391314
2007-10-15,-138.8270631251312,-140.4465375625823,-139.7744145755009
2007-10-29,-133.79189816695498,-136.5036785623244,-137.29725785077034
2007-11-12,-133.35829866738683,-137.9753397302456,-139.36175433721766
2007-11-26,-133.67066803267824,-139.537896773453,-141.16620309841127
2007-12-10,-139.28709051471085,-141.6739534531689,-144.33904082386746
2007-12-24,-140.2245225612942,-142.83321423337955,-145.63194018418682
2008-01-07,-125.17194634067968,-127.17723541298625,-125.79303034482427
2008-01-21,-106.89927047576413,-121.67958334328766,-123.20136348504826
2008-02-04,-132.15713647054287,-134.17969874094246,-136.18891392273025
2008-02-18,-138.97806686334903,-138.8118654318286,-140.90219205000233
2008-03-03,-128.66720414934917,-136.35979202466314,-138.21770122358222
2008-03-17,-119.11171264149444,-132.75351981501473,-135.65782242168888
2008-03-31,-135.96395240285955,-136.48049422716642,-139.16340334769353
2008-04-14,-132.10706904967012,-135.1975411071674,-136.30068221562863
2008-04-28,-136.71939363979277,-138.42666750408927,-140.326225277863
2008-05-12,-140.56856224114688,-141.9028692444834,-143.50281213479053
2008-05-26,-138.29303168989642,-140.12443320447727,-142.50821490819098
2008-06-09,-133.34640633569356,-137.00767861476587,-137.5122854793068
2008-06-23,-128.77024139240876,-131.54212678388626,-133.3505490627304
2008-07-07,-76.44225144997746,-106.46893535766851,-107.54849989191916
2008-07-21,-100.08556002438814,-122.88031976343098,-125.53467305855494
2008-08-04,-120.61182914758693,-127.71985533173833,-130.63558480252865
2008-08-18,-138.01240560970746,-136.93798244059153,-139.07543916395878
2008-09-01,-123.05220498382982,-128.20212210557037,-131.98072829061658
2008-09-15,-80.42936009740967,-120.88420408240744,-122.19771432786486
2008-09-29,-26.95932011492185,-101.97022074261938,-101.15064003226965
2008-10-13,-4.15577853067262,-102.14019828067308,-104.95871205689006
2008-10-27,-87.77978359063879,-108.2592466986619,-112.51844922454032
2008-11-10,-68.96188480568884,-107.87076093396121,-111.37532037247436
2008-11-24,-60.921228022821225,-106.67746239015757,-110.55289668880411
2008-12-08,-87.95740461177226,-110.4291327676724,-114.45843023615048
2008-12-22,-137.37383299836003,-120.40928555961693,-124.81611845477236
2009-01-05,-113.54689880451002,-122.24162975204625,-124.33348209590568
2009-01-19,-100.4883833194894,-120.59089423137488,-121.9158988484905
2009-02-02,-114.88007344637077,-121.8093588945621,-123.30111669153486
2009-02-16,-109.03334642423846,-118.97047514662415,-120.19495496792938
2009-03-02,-108.57340968414769,-119.472887164425,-121.25631552344406
2009-03-16,-92.79038960307413,-116.84490279028356,-119.15609900812994
2009-03-30,-114.70971811363718,-121.34710314235109,-124.51396679872178
2009-04-13,-112.87650097339719,-122.8419203565799,-124.71358576048583
2009-04-27,-110.52874512450887,-122.8353087330761,-123.67667737591339
2009-05-11,-130.9345224762028,-127.80687802332655,-129.65696252918886
2009-05-25,-128.3100532817356,-127.04170735690022,-129.4798568539774
2009-06-08,-134.72229125794027,-131.10287763618052,-133.67401170476288
2009-06-22,-135.01269151068166,-134.41548240696545,-136.0015551184068
2009-07-06,-137.40159393919598,-134.7536627314237,-136.61398710247713
2009-07-20,-137.07471926230176,-135.88791719182666,-136.90724461626547
2009-08-03,-134.9520630580678,-135.11074686633322,-136.49272581507194
2009-08-17,-143.2121897570029,-143.9272969592077,-145.5042480372958
2009-08-31,-141.95429274908972,-142.96327818145608,-144.06572407856157
2009-09-14,-140.18163678697826,-142.7376687613279,-143.59250629909894
2009-09-28,-142.6810975844831,-144.0299124509121,-144.36664108291495
2009-10-12,-138.49590180458128,-138.89366699632345,-138.83834837588975
2009-10-26,-137.1946733269338,-138.05199004574285,-138.33069940382907
2009-11-09,-146.10980888467986,-144.7240461625026,-146.25199304578092
2009-11-23,-142.3880545991898,-142.65349398938073,-143.68078338085022
2009-12-07,-145.02529066090835,-146.5636832863091,-147.3237612878634
2009-12-21,-146.9348299808938,-151.0299570094824,-151.96958175640594
2010-01-06,-143.1002363387514,-146.2959484174862,-145.94694247215284
2010-01-20,-140.03153641644968,-140.04168245038522,-139.66422209306802
2010-02-03,-144.68711338902816,-146.54967405274294,-147.36146877097815
2010-02-17,-145.8267182838753,-147.60977658615514,-149.0838270276315
2010-03-03,-148.95065087320341,-153.94089545368794,-155.01630779618608
2010-03-17,-146.26983441773766,-152.15711767177413,-152.37584977383025
2010-03-31,-147.46307583614902,-150.83527846908694,-151.97852317917815
2010-04-15,-141.55932578598262,-136.99329499031217,-137.09417413738726
2010-04-29,-138.47398782060898,-135.8327646834377,-136.5019788935207
2010-05-13,-143.72394433827193,-137.1761897097202,-139.4755580928904
2010-05-27,-140.4420043608845,-137.21758249864592,-139.89879432580207
2010-06-11,-145.50932511316043,-137.56270161605275,-140.78670700021345
2010-06-25,-143.085309360695,-139.6030277783752,-141.4899921390979
2010-07-09,-142.01982817634794,-140.1222883806838,-142.05027195347026
2010-07-23,-143.73242601008707,-140.8702660830302,-143.26798302015402
2010-08-06,-148.57122377686588,-147.46759963327153,-150.06088877097562
2010-08-20,-145.79503749239942,-145.90988185500257,-148.44826913967864
2010-09-03,-148.7568234569041,-146.4525172920951,-149.48269856539918
2010-09-17,-146.83558965762592,-148.54147710254486,-149.68083388076394
2010-10-01,-148.7007952037192,-151.05988542029758,-152.5575452908013
2010-10-15,-144.93273663972082,-145.98920132449607,-146.00229285852635
2010-10-29,-145.45626797639827,-146.99854553203338,-146.79453714645555
2010-11-12,-148.7991428706187,-151.56732033113593,-152.69876769624054
2010-11-26,-148.74851513752458,-151.89068637205204,-152.88189158625156
2010-12-10,-148.91157699985615,-152.8476023172824,-152.97497164912713
2010-12-24,-150.56591316740398,-157.27398470074925,-158.0687077538943
2011-01-07,-147.94012534674158,-152.02180755303104,-151.57045954055812
2011-01-21,-144.28100034121454,-141.37240425051942,-141.9841785788326
2011-02-04,-148.14485914246768,-151.6260414276796,-151.69244564513917
2011-02-18,-146.85463187473044,-148.48982046980726,-148.18744231300286
2011-03-04,-147.40291799077588,-147.6752683378268,-148.28599481270348
2011-03-18,-147.07684967945548,-147.7817010115702,-148.1582870946775
2011-04-01,-147.91317083439077,-150.685712523895,-151.0838765874217
2011-04-15,-146.81518552633452,-149.7401578869964,-150.1639608200187
2011-04-29,-148.0618332644545,-149.81913703848952,-150.51433404070124
2011-05-13,-148.85243253551496,-153.01742801749282,-153.84181971259588
2011-05-27,-147.23086220122588,-149.16574190522624,-149.37525298500728
2011-06-10,-145.8576098451438,-147.95801911028713,-148.7403202348961
2011-06-24,-148.0196713060872,-149.7128873917902,-150.9065907397828
2011-07-08,-148.40389474063468,-151.27935695403573,-151.9569945375932
2011-07-22,-139.71440324603856,-141.1843812464371,-141.36278611217168
2011-08-05,-120.73122332981265,-125.01188680026333,-126.50857732181194
2011-08-19,-141.88850047609193,-128.03932970748434,-133.43130703457965
2011-09-02,-142.86292232195873,-135.23162023300517,-139.74574179908134
2011-09-16,-135.6008387243794,-133.90775175730158,-135.9245477639306
2011-09-30,-139.17833486619514,-135.3935619061367,-138.63354626790507
2011-10-14,-140.10660948410907,-136.12011493702994,-139.22465114152013
2011-10-28,-143.67465569511876,-138.25109256630506,-142.32646387371292
2011-11-11,-149.46079474326484,-140.79673199847548,-145.77223083151625
2011-11-25,-144.24277064084885,-141.74041221750045,-145.48146434343323
2011-12-09,-144.0272236574414,-140.92433501864494,-144.31075827022545
2011-12-23,-149.3385158676956,-146.16767676530688,-150.70092009688375
2012-01-06,-147.49194424750573,-149.61027276063157,-151.16031773878436
2012-01-20,-146.03249390962478,-148.38746640558077,-147.9044417562548
2012-02-03,-149.03825231512545,-154.09952913001214,-154.10518075640812
2012-02-17,-149.73246219532354,-155.3008751203462,-155.08881861039106
2012-03-02,-146.44150050925538,-146.19815280090708,-147.32280866659207
2012-03-16,-150.10705617309972,-154.31882587899813,-154.0508693340826
2012-03-30,-149.9285445885104,-155.60814317274708,-155.45195399987432
2012-04-13,-143.37346890524853,-141.786494685272,-143.45915597276715
2012-04-27,-146.03120335928116,-148.8368061533401,-149.34341597454298
2012-05-11,-147.2732994077158,-148.95539349532083,-149.2751574018461
2012-05-25,-146.71276856044352,-148.27352458164933,-149.75092510164615
2012-06-08,-148.20100702325226,-148.81785402364255,-150.27696634762822
2012-06-22,-144.51613406793655,-146.3237127592436,-147.5984741806387
2012-07-06,-145.34174894416813,-148.07720135138476,-148.63912882820412
2012-07-20,-145.2565394798874,-147.45445229633944,-147.1538310759255
2012-08-03,-148.06167020526803,-151.23543296057807,-152.36571184196762
2012-08-17,-151.26609225288917,-159.13271534801575,-159.03379137612077
2012-08-31,-147.64009085835147,-151.5536970876225,-151.8291210213279
2012-09-14,-145.99609124933437,-146.93538384827178,-147.50395625559554
2012-09-28,-148.30478086851215,-152.385036096214,-151.41678656249425
2012-10-12,-145.30469386550317,-147.82404250239708,-148.72953154244925
2012-10-26,-143.23852917032744,-142.27435151289467,-142.0425289877955
2012-11-09,-147.85867334464947,-151.45226550327604,-151.28078780138685
2012-11-23,-144.15421807874395,-146.10653812953802,-146.89229113753558
2012-12-07,-147.73638252698225,-153.10684974699166,-152.52085520974705
2012-12-21,-148.93372860060884,-154.15774731533088,-153.2244507345497
2013-01-07,-149.47063338336272,-154.10121203888323,-153.55807263512588
2013-01-21,-145.24431768432305,-149.6725945556089,-151.12203525149428
2013-02-04,-148.47959367428365,-153.7488525511076,-154.42620933279466
2013-02-18,-147.04385440659755,-151.80684477350684,-153.2044392686626
2013-03-04,-150.1684366473538,-155.4427584569115,-155.39720524020356
2013-03-18,-150.76076763316075,-158.84465315558452,-158.41890595727384
2013-04-01,-145.88134540174318,-148.41909454978466,-149.6156685701409
2013-04-15,-138.13222943844826,-142.4493787017983,-143.38829927716634
2013-04-29,-144.77888449745814,-148.20982721542165,-148.39859930399535
2013-05-13,-146.89705202194244,-150.00314476404031,-151.61317953963217
2013-05-27,-145.7440208214614,-147.1267046752431,-148.31384920885793
2013-06-10,-146.40925693217702,-149.4578399111767,-150.23119581842144
2013-06-24,-145.3806555403712,-145.44475721491165,-146.70332352669212
2013-07-08,-145.6350169969607,-148.77281318246645,-149.11210540863675
2013-07-22,-146.28382244192474,-148.71145105463563,-150.2314736860684
2013-08-05,-146.05760925041767,-146.66107745236926,-148.93584976375394
2013-08-19,-148.80113813993754,-152.25261188170776,-152.74480404850584
2013-09-02,-148.0855709918896,-152.2302557524056,-152.9151138550026
2013-09-16,-142.95153731153542,-144.74088298340257,-146.6754386238498
2013-09-30,-148.11177990190384,-152.10026743831938,-153.41977242584576
2013-10-14,-146.5106039273271,-149.94802350787336,-149.73722677041422
2013-10-28,-141.46934486191589,-144.15607487774045,-145.50289421718645
2013-11-11,-150.58206117865336,-156.25957154783572,-156.1007078643844
2013-11-25,-150.78187321552835,-157.88903135238303,-158.3000580068997
2013-12-09,-147.42351845964282,-152.16919282993462,-152.98324619437568
2013-12-23,-152.8676561320854,-160.6871488847186,-159.98137586557846
2014-01-06,-147.6288222129622,-150.14968114958418,-150.6474891407012
2014-01-20,-139.7172238054615,-137.96010308686334,-142.19709448864214
2014-02-03,-146.4056450972888,-151.41909379224757,-151.300516418054
2014-02-17,-148.73060329148083,-152.8846835554147,-152.44778452865606
2014-03-03,-147.9377821307499,-152.0583134539434,-152.674512096574
2014-03-17,-144.6354676949325,-147.41882082912483,-148.54335033075586
2014-03-31,-141.63236581972214,-148.7628321210899,-150.54149237025905
2014-04-14,-146.37770398127384,-151.6029569751872,-151.99027765759502
2014-04-28,-145.36177811079858,-148.2145725042565,-149.03193897206722
2014-05-12,-149.03481629712036,-155.30705510137327,-155.88696060875122
2014-05-26,-152.18490412709707,-160.54862598584492,-160.3251558258789
2014-06-09,-149.69369937039946,-154.62038606308045,-155.2537845763928
2014-06-23,-149.5143685560714,-157.85730298215822,-158.55623292694003
2014-07-07,-148.35063480322108,-154.01649486251938,-155.34135497038426
2014-07-21,-142.43898354342736,-143.98470456502022,-143.9489195345411
2014-08-04,-146.5333215390971,-151.72034484845517,-152.13963426877345
2014-08-18,-150.87047878237536,-158.16058775498252,-157.99504680945267
2014-09-01,-148.97108038454755,-149.44767849109846,-151.7368373847936
2014-09-15,-147.17766228881115,-148.80405169888598,-150.8452591318578
2014-09-29,-145.1076090299556,-147.6761420149706,-146.81069187660114
2014-10-13,-135.77747302746832,-140.73466545848862,-140.7505395885924
2014-10-27,-134.85915589162272,-138.70315413691623,-137.61147397343078
2014-11-10,-146.77433916894316,-150.13163569818386,-149.48781652241124
2014-11-24,-143.90112013170224,-146.51383308038018,-146.81111646719495
2014-12-08,-140.93875406196742,-139.11367922532872,-141.60045120934916
2014-12-22,-142.97000343476589,-147.08471369922404,-146.1567028641699
2015-01-05,-138.52638618714104,-136.81176190344925,-138.07863049471214
2015-01-19,-137.5411967835991,-138.25203525709622,-137.82393376327693
2015-02-02,-135.8126729898784,-137.34905022454575,-138.56550008097366
2015-02-16,-146.9053941998652,-150.11865815742402,-150.18785380087596
2015-03-02,-144.8225393662145,-146.2633245497942,-147.73480723379922
2015-03-16,-143.94390746826525,-145.6408253299893,-145.64364013773948
2015-03-30,-147.55302879849253,-151.86195120036044,-152.00366931507034
2015-04-14,-143.8287303643457,-145.27239873023746,-146.44333851716175
2015-04-28,-145.27054486704236,-146.86946327335897,-148.718809845254
2015-05-12,-146.90537108957744,-150.07232828235504,-150.088423291845
2015-05-26,-148.46105461772825,-154.05649249861293,-154.5684943918797
2015-06-09,-150.92205902136368,-158.47468821515992,-158.4193719629312
2015-06-23,-148.62987271307878,-154.00667411815937,-154.50733371177233
2015-07-07,-146.45841427819502,-150.30321485090542,-151.2161729465391
2015-07-21,-138.4630814333051,-138.06476183537544,-138.0616600471919
2015-08-04,-136.90746457749205,-135.61658428359272,-136.03676149753443
2015-08-18,-135.6145507052392,-123.96466988045172,-127.19157810878154
2015-09-01,-146.5600735841618,-141.9487292633701,-142.8460192908355
2015-09-15,-133.46949819086097,-138.47776834331535,-137.91781870469487
2015-09-29,-137.91100191090507,-139.8864130143417,-140.06348382341363
2015-10-13,-126.84497760808911,-132.85913176636365,-132.71164565559928
2015-10-27,-134.53558526002624,-135.77503634415393,-136.0551504490743
2015-11-10,-135.121975090702,-135.79194651392663,-137.42771794937528
2015-11-24,-144.37937602289406,-146.90715996650985,-146.2058766384015
2015-12-08,-141.28114390225122,-143.28383947001754,-144.3917501924168
2015-12-22,-149.73363416297914,-151.50682403727728,-152.06746894909784
2016-01-05,-137.9868382754249,-140.64580094104045,-140.6418155048532
2016-01-19,-111.38541026777904,-118.42692697267776,-117.42007553981348
2016-02-02,-125.05292479788739,-128.76434395197336,-128.83644749723103
2016-02-16,-143.40004371331094,-141.97701432225102,-142.5640609435496
2016-03-01,-141.19005558882762,-143.8014140498317,-144.2487013797032
2016-03-15,-142.64338202812803,-144.98339735616668,-145.28388513383985
2016-03-29,-143.8389654845666,-146.4808913747878,-146.8538932443906
2016-04-12,-140.64459267454274,-142.7332321955398,-144.16900616041463
2016-04-26,-139.9966085626009,-139.23111934507895,-140.6688296618317
2016-05-10,-139.96227902378143,-139.41549973706887,-141.66059472908563
2016-05-24,-148.34248463179654,-151.35990630379362,-151.93173933579197
2016-06-07,-147.006231568851,-149.83506913220128,-149.39705360780047
2016-06-21,-137.56450003828604,-136.70109344405506,-140.87897104107267
2016-07-05,-146.34135317796546,-146.2235243992871,-148.0306086183538
2016-07-19,-142.60655263982468,-144.05486617318928,-144.46679624870438
2016-08-02,-148.2982048936629,-152.03399178016835,-152.45375212814545
2016-08-16,-147.6942658759485,-150.29894993829635,-151.48276113592112
2016-08-30,-147.3244517662174,-148.94212807665312,-150.02072303481688
2016-09-13,-150.0740643711395,-150.05223085139264,-149.94902630526047
2016-09-27,-145.9517026757667,-147.87070379228757,-148.3599023404196
2016-10-11,-146.3755810612041,-147.65469003235972,-148.045063990287
2016-10-25,-136.0053583765742,-132.23327185649143,-133.4854745984543
2016-11-08,-94.47619349140734,-99.76546275554077,-109.43090810249691
2016-11-22,-135.04514671172055,-135.9267787443934,-139.63735441586422
2016-12-06,-146.36820476205102,-146.7264185833158,-146.50919918478363
2016-12-20,-155.1654955376612,-158.27149926203728,-156.6350005071246
2017-01-03,-149.69311886157558,-150.2984645868366,-151.2851839004608
2017-01-17,-146.38544247127476,-145.43759469094306,-147.7999603141078
2017-01-31,-143.28865254946544,-142.503099468681,-143.88648713991367
2017-02-14,-152.2414159696889,-154.0449485761346,-153.5809700713147
2017-02-28,-151.62418241731945,-153.2553995860191,-153.3292119059657
2017-03-14,-150.50249997727042,-152.1663898110266,-152.09566563350603
2017-03-28,-153.75620236799796,-156.106170903976,-155.96577418111377
2017-04-11,-152.59577234404216,-155.04804112969475,-155.42519652286722
2017-04-25,-149.77760593897077,-148.6095437530458,-149.39256691499247
2017-05-09,-151.8996420143565,-153.27600322377276,-153.33146934617207
2017-05-23,-153.8703309312532,-155.27853577871272,-155.03000251178966
2017-06-06,-144.74192308701043,-142.2439854033294,-142.98360507001834
2017-06-20,-146.81746060017005,-145.31997639315003,-147.06823225235436
2017-07-04,-154.83694852799007,-155.91959108682465,-155.04319308149354
2017-07-18,-143.40259626106294,-141.11421475721372,-141.825664452654
2017-08-01,-151.8000073808532,-152.1390135765913,-151.83039788176737
2017-08-15,-149.32354464417426,-149.9173752647835,-149.3497492483294
2017-08-29,-147.50551024751007,-147.19975991631185,-147.728312226586
2017-09-12,-147.84065697875326,-146.69616749195393,-147.5409502373798
2017-09-26,-154.88553608591212,-157.85683847796287,-157.45050476752147
2017-10-10,-152.23207307057856,-154.22527471755944,-155.58759233471451
2017-10-24,-132.49499515947863,-120.22778087044755,-128.52388733218302
2017-11-07,-149.4555728062677,-150.01844280208525,-150.86477657096847
2017-11-21,-139.88425334639376,-136.78328375814607,-141.81693714486684
2017-12-05,-149.21835918582772,-147.8998031898458,-147.7932455466634
2017-12-19,-154.95788537693525,-155.48690271069546,-154.1570532606085
2018-01-02,-146.249928287767,-143.51222846802077,-146.05364615873174
2018-01-16,-142.15326864349245,-139.8415358564406,-141.71417741165325
2018-01-30,-133.65342851501305,-131.35402313654458,-132.4874767032636
2018-02-13,-148.41509011149228,-142.24653824999885,-141.99157398674245
2018-02-27,-143.75325681076487,-144.32857676216906,-145.00623430776105
2018-03-13,-143.32414329705725,-143.7108895996769,-144.31308898924252
2018-03-27,-141.09392753674652,-142.6654977475996,-143.5090372844085
2018-04-10,-133.6476563365068,-138.16859646189633,-139.68924926322913
2018-04-24,-133.1999476151988,-136.02612071573634,-133.96806192835663
2018-05-08,-145.81938595031022,-145.20893672869983,-145.0192032071569
2018-05-22,-147.09930317282746,-147.13939309714206,-147.59239601539235
2018-06-05,-143.5519752093966,-143.84777702549442,-144.3887148838489
2018-06-19,-142.74371678395832,-142.2565122862401,-143.52752664687793
2018-07-03,-146.72663379821466,-146.81364678329913,-147.47040455309292
2018-07-17,-136.09809026785746,-134.55388154394865,-136.37138978844845
2018-07-31,-145.2282453710378,-145.33749359301058,-146.7748634842477
2018-08-14,-151.41407940611262,-152.1301094138597,-151.91669310537853
2018-08-28,-148.166985892218,-148.3033587147638,-149.90249868947362
2018-09-11,-144.30098553594252,-143.67658805189052,-147.38031776361711
2018-09-25,-143.64386430600524,-143.78069515477767,-144.77242799657154
2018-10-09,-131.41457864760665,-128.0353322744088,-133.1717937995549
2018-10-23,-110.64975635432319,-124.50566533724694,-127.03044787220949
2018-11-06,-133.16945204244578,-138.29437207982147,-138.9871921680712
2018-11-20,-137.6263507046729,-141.2908250572018,-141.52249314402158
2018-12-04,-133.24137168350822,-134.15385495038356,-134.13023759870035
2018-12-18,-131.07075758645615,-136.53772439695226,-136.82230643269244
2019-01-01,-134.2976332081806,-136.81114904314657,-137.52563626119598
2019-01-15,-141.55468167182457,-140.55148084071945,-141.18299337333906
2019-01-29,-140.50430692421202,-142.8829002141274,-142.28038623834567
2019-02-12,-148.03777738381203,-147.70758599981963,-146.88130419202358
2019-02-26,-149.27334189989566,-150.06067293266182,-149.59671894944228
2019-03-12,-134.65603551678996,-132.65344680493376,-133.9002033832668
2019-03-26,-148.9028599542999,-147.48664971355083,-146.7852962443418
2019-04-09,-134.08138959942016,-133.05650883645774,-134.76224128364007
2019-04-23,-142.79198001302478,-141.64959146062972,-143.1147637924617
2019-05-07,-147.9759720456546,-146.73787390779734,-146.34360121701707
2019-05-21,-144.32093887983925,-143.7626539320001,-143.04783597576613
2019-06-04,-143.80763004828805,-144.3836630313141,-143.9436311992946
2019-06-18,-145.58459266454858,-146.13488530287563,-146.56761744048475
2019-07-02,-146.14532171768255,-145.5427383638697,-145.99442125616793
2019-07-16,-140.24610785897255,-139.58858112754632,-139.98700203077192
2019-07-30,-141.18773360074434,-140.29728002172487,-141.06321072965846
2019-08-13,-147.22808244251016,-146.6470739746517,-147.41754704845496
2019-08-27,-145.79379510640393,-144.68441702922573,-146.0421400264528
2019-09-10,-142.53001628096115,-144.05605311517266,-144.44795369923085
2019-09-24,-148.72545304302884,-149.18153142805963,-149.34766869249654
2019-10-08,-149.95486531129328,-150.35137366368753,-150.05988773357467
2019-10-22,-140.48921689499028,-141.7070639685251,-142.5216719996265
2019-11-05,-147.50795036034495,-147.56616198116143,-148.96264456397992
2019-11-19,-152.10554850147253,-153.0993048097924,-153.6452742801163
2019-12-03,-150.63073958830304,-151.75706919205498,-151.9805401420558
2019-12-17,-155.83553551926752,-157.706893203563,-157.25409741041994
2019-12-31,-151.2576496626663,-151.8460103826743,-152.00906753738568
2020-01-14,-147.24886206195373,-147.18036731576547,-147.31251695781947
2020-01-28,-138.21805038537445,-138.58101161834585,-138.71642670937274
2020-02-11,-141.8013016064933,-144.8777791408616,-144.97706262568673
2020-02-25,-56.472703423269735,-71.17173693643316,-64.91978808567362
2020-03-10,169.09326394577312,-91.40029808038031,-90.91684949846342
2020-03-24,-26.925933459524316,-104.32806872075425,-107.73240092781327
2020-04-07,-82.82790222876514,-111.04969897965073,-113.37069136757307
2020-04-21,-114.19716688931462,-122.22510710099618,-124.01663309672742
2020-05-05,-114.13454223055744,-123.89734495641038,-125.92928377776853
2020-05-19,-124.19852173856023,-128.80297197711658,-131.26056979470448
2020-06-02,-113.97669900703502,-122.33796064690469,-124.9724951024349
2020-06-16,-131.00862489750875,-127.9583678005324,-130.88216373014228
2020-06-30,-129.40691060220666,-130.46436069249575,-131.43807763365663
2020-07-14,-122.82116117945054,-128.78224921304457,-130.62182330630515
2020-07-28,-128.73548516575417,-130.2416486091067,-130.4774132071071
2020-08-10,-137.1369830682247,-138.9150347210625,-139.562785564975
2020-08-24,-133.56131547826564,-128.58188614659338,-132.46046172749408
2020-09-07,-135.7570964326865,-136.545947456897,-136.56504018574842
2020-09-21,-128.68818568880124,-132.30716522052558,-133.11482895197102
2020-10-05,-141.2099991641731,-141.2835732587131,-141.83003707584504
2020-10-19,-132.73456012278967,-131.36671799992413,-131.74212150905515
2020-11-02,-76.62424617908596,-102.77284811284046,-106.98464969292141
2020-11-16,-138.07220438031194,-137.00444315522392,-138.4507451602649
2020-11-30,-133.4530092265344,-136.3847523215494,-137.3493566302297
2020-12-14,-141.79208738741258,-141.41549803730652,-142.33245089157478
2020-12-28,-133.7287247481769,-129.97831323124274,-131.13808396270755
2021-01-11,-136.23521340915886,-136.50826916682612,-136.58611726264544
2021-01-25,-133.87076844512939,-132.05950325096399,-132.82031474501642
2021-02-08,-142.40566808789595,-141.6480172654179,-141.3629374461344
2021-02-22,-132.45651087724585,-129.468314570222,-131.0483805486317
2021-03-08,-130.63685738041417,-134.11674358473252,-135.03992060410948
2021-03-22,-134.19222578660631,-135.73028286115414,-136.34515029335245
2021-04-05,-143.7732886057263,-143.75226667087145,-143.60782834900135
2021-04-19,-143.92271977047784,-144.61036836740158,-144.44773646384462
2021-05-03,-138.53248423621682,-137.44375585108506,-137.3019201327384
2021-05-17,-144.539157371688,-142.88573170449502,-143.54937353154634
2021-05-31,-142.3974294576353,-141.58373329321878,-142.3008705917884
2021-06-14,-139.55032427053686,-138.78753931770154,-139.81694276817316
2021-06-28,-145.3595548227088,-144.1736964823391,-144.41652182198095
2021-07-12,-144.61470878363278,-143.33069424396066,-143.34324911857667
2021-07-26,-135.58899533603915,-134.45143215540182,-134.33110675391444
2021-08-09,-144.41677574978758,-144.02998462536,-144.05372119740719
2021-08-23,-147.16223978869021,-147.96034229062275,-148.15668413877657
2021-09-06,-143.6826119320269,-144.5145352771541,-144.54611333948037
2021-09-20,-141.51077614877892,-140.1512905730167,-140.7552627632783
2021-10-04,-142.78141832620017,-142.2726365808058,-142.44679563173582
2021-10-18,-140.14588442801244,-141.1924010394574,-140.56338174346416
2021-11-01,-134.53741071825903,-133.74931707348824,-135.05677780190342
2021-11-15,-141.21694920945302,-138.67299330660876,-139.08300103491555
2021-11-29,-137.6137091474866,-138.00674708010578,-138.15690401184702
2021-12-13,-137.61803165879434,-135.68894737867424,-136.37533894064904
2021-12-27,-138.2746970921953,-138.7272844411271,-139.53387910743194
2022-01-10,-137.95185339917808,-138.10714738263565,-138.20695396680136
2022-01-24,-119.3129890557278,-128.4207018781342,-128.7311963216166
2022-02-07,-137.50494328949924,-135.6925691364881,-136.38615048316058
2022-02-21,-124.32352270706004,-124.69319296556944,-125.18224692735964
2022-03-07,-115.98927972443211,-126.47812079548892,-127.94051843160024
2022-03-21,-132.92095190075497,-134.33905328295904,-135.13653611359643
2022-04-04,-145.8223911523931,-145.81329256647436,-146.37513576678487
2022-04-18,-124.96213128116814,-128.58054930889907,-127.85897148213795
2022-05-02,-128.3296561288161,-132.78587673505115,-133.06265048620227
2022-05-16,-128.30136674799533,-131.77856210514906,-132.73792998415877
2022-05-30,-144.8908584936751,-139.76814582285223,-141.30563389721502
2022-06-13,-131.13823261286234,-131.61473367396013,-132.24659068435932
2022-06-27,-142.05221115780768,-138.62030771835325,-140.3348868716336
2022-07-11,-143.36013114595548,-140.8972074804201,-140.76805731193193
2022-07-25,-128.29360379878244,-134.72483542350562,-133.77708376868424
2022-08-08,-149.72329323524022,-148.5835702930804,-148.89910376641873
2022-08-22,-149.63392297182344,-146.8456011083171,-147.9154440938219
2022-09-05,-134.4100800388559,-136.27802810490354,-136.29672885487432
2022-09-19,-134.36466555836822,-136.79873232770558,-137.17309911775567
2022-10-03,-137.34790205521455,-135.9477035233666,-136.73909326423154
2022-10-17,-128.30717924651105,-133.59820816032683,-133.92502392698586
2022-10-31,-127.40355889979736,-133.17552765931046,-134.01677256893134
2022-11-14,-150.6251705407402,-138.67925871256236,-141.24308950619886
2022-11-28,-146.94699113566577,-145.94578568858185,-146.47651461211345
2022-12-12,-146.17556351875413,-146.75730901461208,-147.2715624987847
2022-12-26,-148.0449748741484,-148.0900340449988,-148.68966136360277
2023-01-09,-147.30889530922278,-144.42233453760676,-145.33446648563276
2023-01-23,-137.8875653304449,-138.5937115845867,-139.37253775976097
2023-02-06,-148.22102892306464,-145.96506357529498,-147.30253156419448
2023-02-20,-150.70927879850086,-150.50353738423,-150.3095307141125
2023-03-06,-139.4625592859768,-136.70408378968082,-136.81152136772897
2023-03-20,-148.11138892743085,-146.12685944134205,-146.50463514750908
2023-04-03,-146.94167560030743,-146.86042602864347,-147.05204892641194
2023-04-17,-144.21457407563662,-144.71690026023668,-144.3663138637317
2023-05-01,-146.90414590075326,-146.57741173086794,-145.84694686539336
2023-05-15,-142.18999471573653,-141.9226244485911,-142.17953371371007
2023-05-30,-147.1722920658328,-146.59664042548454,-146.2602691487601
2023-06-13,-151.75718795107463,-152.0793619074773,-152.54678419470966
2023-06-27,-151.76848382603487,-152.82398232921207,-152.78983360291133
2023-07-11,-148.83192030251573,-148.8763940242389,-149.1850665063647
2023-07-25,-142.61249806120117,-138.65156588370684,-139.71414606683592
2023-08-08,-149.93949046674092,-149.95473969511536,-149.41213474983581
2023-08-22,-154.43806857648636,-157.4491692813453,-157.03104696256045
2023-09-05,-148.69897217486434,-149.10745391673757,-149.688094337085
2023-09-19,-143.55554153951124,-141.32996019924843,-142.5947296796797
2023-10-03,-137.09189650815347,-137.38242965852797,-137.7105447979512
2023-10-17,-138.0854254289333,-134.97352361926792,-135.66972805909282
2023-10-31,-146.89908138513798,-145.62479193676796,-145.91937150956326
2023-11-14,-151.1509286331148,-151.63903341993642,-152.56315787884603
2023-11-28,-150.71614971734846,-151.94209416204163,-152.32758833553476
2023-12-12,-145.80850945987535,-146.87005788245267,-147.17336034423397
2023-12-26,-152.37062246714578,-151.81081061598408,-152.30590785732218
2024-01-09,-151.78390974989105,-153.0271477610258,-153.91971525001858
2024-01-23,-144.4625374309539,-142.74487087804283,-142.8755114578004
2024-02-06,-146.67563121810508,-146.8626488494782,-146.75195197608525
2024-02-20,-147.81481396909675,-147.7359712828056,-148.47690562765388
2024-03-05,-151.05101985085437,-152.8619223465919,-153.20344526403107
2024-03-19,-152.6244006328219,-155.00536530683917,-155.37367759135725
2024-04-02,-148.41829066664235,-149.59749839519057,-150.6803393722253
2024-04-16,-144.12820451430804,-144.27304213167255,-144.49778788824275
2024-04-30,-131.91877733218544,-95.5788095044823,-96.62373649363383
2024-05-14,-143.9418458417928,-142.70997593433458,-142.79578600913499
2024-05-28,-148.0570762414248,-147.87139346857103,-147.85652974438582
2024-06-11,-148.0685258814966,-150.35400264990616,-151.3990871100021
2024-06-25,-143.5983277126896,-141.21994932295866,-142.1581568982042
2024-07-09,-135.5299928563997,-132.2813597387741,-138.0748378640616
2024-07-23,-128.74525829096658,-131.99633514235342,-133.1700312705812
2024-08-06,-150.6002872376461,-145.80195965352473,-145.44381750621426
2024-08-20,-154.59292876415662,-153.92410735210365,-153.76416459596263
2024-09-03,-142.86262021942082,-144.9731596658388,-146.7261533474446
2024-09-17,-147.33442025210726,-147.3434529813141,-148.28493073178691
2024-10-01,-149.2672945602553,-150.7625246260849,-150.85598046107424
2024-10-15,-143.31479712623428,-142.40625620571726,-142.15926250538607
2024-10-29,-120.03206794920234,-116.79335924318582,-119.4255050734743
2024-11-12,-142.16066860863873,-141.21057098204395,-142.32915460208554
2024-11-26,-146.71592910316824,-147.49273582244325,-148.45052695133347
2024-12-10,-147.29691895275232,-145.75903503957895,-146.64340169296483
2024-12-24,-155.3078514169334,-153.9364953380378,-154.03708312755762
2025-01-07,-145.1112974930267,-146.4807806866254,-146.22757239545814
2025-01-21,-119.02210292790642,-116.99273696317154,-120.99208980303466
2025-02-04,-142.28336742246466,-140.69534196994576,-140.60134309211918
2025-02-18,-138.78292897850167,-139.4964545527725,-141.5850297398068
2025-03-04,-134.67314876058856,-133.520902359898,-134.17964181237858
2025-03-18,-148.6174752930404,-146.72151802767706,-146.66448789480117
2025-04-01,-96.07765805732244,-95.13198244280046,-98.46032524822809
2025-04-15,-125.92431850754414,-125.08916095490497,-128.10157702058245
2025-04-29,-129.47855495700315,-133.62065517018965,-135.5056750854712
2025-05-13,-140.4506457716272,-138.26525328179528,-140.4413084037045
2025-05-27,-149.58299116923547,-148.95477332887327,-150.02170091665437
2025-06-10,-144.20058997118318,-147.15331361754644,-147.1509740048551
2025-06-24,-142.0802692740345,-142.78898416979547,-143.34556098179604
2025-07-08,-142.37638141894342,-142.6140204424944,-143.0465133632375
2025-07-22,-128.2597435244632,-126.03236793334261,-128.860914802093
2025-08-05,-136.6085542270714,-140.35196087462754,-140.27073015545767
2025-08-19,-149.17930232165597,-150.84774012563958,-150.7450135715152
2025-09-02,-144.0271927263712,-143.2569858031072,-144.87290993452964
2025-09-16,-147.16729337538246,-147.3567737846605,-148.16294784765313
2025-09-30,-137.56616852412333,-136.54712531949846,-139.06751560105423
2025-10-14,-138.48106965441673,-140.0895816374285,-142.07061234176524
2025-10-28,-125.2434351934185,-123.58771012567026,-129.6304350243513
2025-11-11,-139.0248055911946,-139.50154422685353,-143.37678999905555
2025-11-25,-148.26105345157845,-148.47595881598284,-148.5795251585421
2025-12-09,-140.86585097714408,-141.6030879452735,-143.80180877875614
2025-12-23,-149.3066632128327,-151.51179385480327,-151.89688997875012
2026-01-06,-133.6981187480328,-133.13393915306935,-135.4014588169808
2026-01-20,-131.56502178358326,-129.61888557273988,-131.13160073280937
2026-02-03,-117.59535398753118,-118.52783884091797,-124.2503319713995
2026-02-17,-131.14496772175568,-133.2314166703224,-134.7650557427143
2026-03-03,-139.60577163327522,-140.04483053534437,-140.56489431280633
2026-03-17,-201.01927084752634,-205.75150121701736,-209.0558082646094
2026-03-31,-193.2341160037592,-203.2380446587785,-207.52847187407713
2026-04-14,-188.1217248684741,-195.49651551857866,-199.47728247235685
2026-04-28,-184.0829632972466,-187.00756379698169,-193.70121461343024
2026-05-12,-201.52351902737817,-203.98028687814664,-205.5148401574878
2026-05-26,-183.29622960346782,-179.96797516707602,-188.59761800157457
