Model,Covariance Type,Ann. Return,Ann. Std,Ann. Std (fcst),Real / Fcst Std,Avg QLIKE,Avg Cov MSE,ERC RC RMSE,Avg L1 Dist,Avg Turnover,Ann. Sharpe,Ann. Sharpe (rf=0),Ann. Sortino,Max Drawdown,Calmar Ratio,CVaR (95%),Skewness,Excess Kurtosis
ERC,DCC,0.10369309690745299,0.1288555342738995,0.12693073533467453,1.0147126743999735,-157.14290187514845,7.542814725840582e-08,0.4187721790217478,0.578948869738025,0.033537497536521056,0.7312342169099709,0.8302094975923501,1.0779788187480281,-0.29925368769033567,0.3465056611591481,-0.016393338590463446,0.03653459910924451,0.1585363375291231
ERC,GARCH,0.10368810523834937,0.12885724364929138,0.12693319521875093,1.0147064931890526,-157.1432280503253,7.542793195071793e-08,0.3946968421619871,0.5789383866956109,0.03344349967394703,0.731191104598054,0.8301650814096804,1.0779112911430608,-0.29927479133636314,0.3464645477667762,-0.016393643611561197,0.036533802746425155,0.15850588136970378
ERC,Historical,0.1030005030334038,0.13470791930165457,0.13214039861735433,1.0189796108028002,-154.23525362264346,7.806840391572716e-08,0.4924086257512794,0.5648235826987604,0.009172507034666093,0.7005318662834553,0.7951993675369968,1.031296364313393,-0.3236008041014643,0.3182949539306714,-0.017195287993728846,0.039476321596653555,0.20623600283200982
HRP,DCC,0.10155522845600262,0.1165270589468321,0.1145236925938189,1.017005859904902,-157.14290187514845,7.542814725840582e-08,,1.6226802692838433,0.0753865051774146,0.7789582208378657,0.8884266647847473,1.1527527135612377,-0.250494736038535,0.40541861302977567,-0.014701761154614109,0.04562400602752161,0.10396402407267846
HRP,GARCH,0.10162530177701146,0.11653186352322728,0.11452738391979837,1.0170146497870576,-157.1432280503253,7.542793195071793e-08,,1.6226887287725786,0.07302162870683594,0.7794769255734644,0.8889409326323204,1.1535233628908135,-0.2512992236147439,0.40439958514479485,-0.014701293920123598,0.045501317775384596,0.1031229923346384
HRP,Historical,0.10259446292645591,0.12648369978668253,0.1230143331655558,1.027701094815035,-154.23525362264346,7.806840391572716e-08,,1.6330299482519226,0.020517308971252618,0.7346721953288632,0.8355051474816193,1.0849458949176156,-0.2988814573059714,0.34326138480189405,-0.016064575739381186,0.047392972769769164,0.16477926262125475
MVP,DCC,0.09533816033932374,0.09891399775010579,0.09607156574031382,1.029102819082866,-157.14290187514845,7.542814725840582e-08,,1.3225015191222642,0.15697030271872425,0.8412150145851679,0.970216121461141,1.2514711113967116,-0.15821715835866268,0.602577883008122,-0.01239399929650486,0.05280079361323676,0.025494915377381133
MVP,GARCH,0.09530311485811449,0.09891356944942134,0.09607432575648726,1.0290687712383635,-157.1432280503253,7.542793195071793e-08,,1.3225081529798244,0.15682984747680334,0.8408945995433827,0.9698962955132057,1.2509839981473505,-0.15841934525821166,0.6015876072633526,-0.012393936306296156,0.05288719925370093,0.02540783154922499
MVP,Historical,0.10141186384987977,0.11290964279790769,0.10652442677924993,1.0593478659647588,-154.23525362264346,7.806840391572716e-08,,1.2494137581763267,0.011630942401180308,0.7991047790573833,0.9120607207958348,1.1879411045608703,-0.2458807111621436,0.41244334852685827,-0.014255409003201082,0.06077984934902443,0.15077783548385826
Naive,N/A,0.10256191753842026,0.14604327570579892,0.14469405564266852,1.0089405672264933,-154.23525362264346,7.806840391572716e-08,,,0.009476978189797805,0.6543322899643547,0.7416461544009351,0.9595159597859557,-0.36312826945724064,0.2824399149416738,-0.018795771838904362,0.029304683319112748,0.253942204196298
